,County Name,State,Total
0,Statewide Unallocated,AL,0
1,Autauga County,AL,535
2,Baldwin County,AL,1972
3,Barbour County,AL,291
4,Bibb County,AL,419
5,Blount County,AL,412
6,Bullock County,AL,158
7,Butler County,AL,201
8,Calhoun County,AL,1366
9,Chambers County,AL,4544
10,Cherokee County,AL,217
11,Chilton County,AL,784
12,Choctaw County,AL,272
13,Clarke County,AL,390
14,Clay County,AL,324
15,Cleburne County,AL,282
16,Coffee County,AL,833
17,Colbert County,AL,279
18,Conecuh County,AL,124
19,Coosa County,AL,389
20,Covington County,AL,357
21,Crenshaw County,AL,96
22,Cullman County,AL,823
23,Dale County,AL,256
24,Dallas County,AL,393
25,DeKalb County,AL,708
26,Elmore County,AL,1124
27,Escambia County,AL,229
28,Etowah County,AL,1718
29,Fayette County,AL,59
30,Franklin County,AL,324
31,Geneva County,AL,43
32,Greene County,AL,472
33,Hale County,AL,394
34,Henry County,AL,268
35,Houston County,AL,1101
36,Jackson County,AL,680
37,Jefferson County,AL,15601
38,Lamar County,AL,160
39,Lauderdale County,AL,574
40,Lawrence County,AL,209
41,Lee County,AL,5975
42,Limestone County,AL,964
43,Lowndes County,AL,427
44,Macon County,AL,373
45,Madison County,AL,4723
46,Marengo County,AL,517
47,Marion County,AL,1103
48,Marshall County,AL,2513
49,Mobile County,AL,10801
50,Monroe County,AL,164
51,Montgomery County,AL,3708
52,Morgan County,AL,1018
53,Perry County,AL,115
54,Pickens County,AL,609
55,Pike County,AL,642
56,Randolph County,AL,819
57,Russell County,AL,649
58,St. Clair County,AL,1098
59,Shelby County,AL,5559
60,Sumter County,AL,586
61,Talladega County,AL,842
62,Tallapoosa County,AL,2775
63,Tuscaloosa County,AL,2823
64,Walker County,AL,1916
65,Washington County,AL,290
66,Wilcox County,AL,705
67,Winston County,AL,147
68,Statewide Unallocated,AK,30
69,Aleutians East Borough,AK,0
70,Aleutians West Census Area,AK,0
71,Municipality of Anchorage,AK,3350
72,Bethel Census Area,AK,18
73,Bristol Bay Borough,AK,0
74,Denali Borough,AK,0
75,Dillingham Census Area,AK,0
76,Fairbanks North Star Borough,AK,1866
77,Haines Borough,AK,0
78,Hoonah-Angoon Census Area,AK,0
79,City and Borough of Juneau,AK,488
80,Kenai Peninsula Borough,AK,413
81,Ketchikan Gateway Borough,AK,463
82,Kodiak Island Borough,AK,9
83,Kusilvak Census Area,AK,0
84,Lake and Peninsula Borough,AK,0
85,Matanuska-Susitna Borough,AK,299
86,Nome Census Area,AK,10
87,North Slope Borough,AK,0
88,Northwest Arctic Borough,AK,0
89,Petersburg Census Area,AK,48
90,Prince of Wales-Hyder Census Area,AK,25
91,Sitka City and Borough,AK,0
92,Skagway Municipality,AK,0
93,Southeast Fairbanks Census Area,AK,22
94,Valdez-Cordova Census Area,AK,0
95,Wade Hampton Census Area,AK,0
96,Wrangell City and Borough,AK,0
97,Yakutat City and Borough,AK,0
98,Yukon-Koyukuk Census Area,AK,23
99,Statewide Unallocated,AZ,6
100,Apache County,AZ,2654
101,Cochise County,AZ,407
102,Coconino County,AZ,6322
103,Gila County,AZ,118
104,Graham County,AZ,88
105,Greenlee County,AZ,40
106,La Paz County,AZ,113
107,Maricopa County,AZ,51467
108,Mohave County,AZ,923
109,Navajo County,AZ,8646
110,Pima County,AZ,16376
111,Pinal County,AZ,4632
112,Santa Cruz County,AZ,301
113,Yavapai County,AZ,1530
114,Yuma County,AZ,514
115,Statewide Unallocated,AR,1210
116,Arkansas County,AR,43
117,Ashley County,AR,217
118,Baxter County,AR,106
119,Benton County,AR,1504
120,Boone County,AR,90
121,Bradley County,AR,148
122,Calhoun County,AR,0
123,Carroll County,AR,42
124,Chicot County,AR,134
125,Clark County,AR,790
126,Clay County,AR,19
127,Cleburne County,AR,2139
128,Cleveland County,AR,217
129,Columbia County,AR,99
130,Conway County,AR,127
131,Craighead County,AR,851
132,Crawford County,AR,94
133,Crittenden County,AR,2484
134,Cross County,AR,167
135,Dallas County,AR,21
136,Desha County,AR,179
137,Drew County,AR,152
138,Faulkner County,AR,1577
139,Franklin County,AR,21
140,Fulton County,AR,2
141,Garland County,AR,2124
142,Grant County,AR,230
143,Greene County,AR,191
144,Hempstead County,AR,94
145,Hot Spring County,AR,193
146,Howard County,AR,220
147,Independence County,AR,178
148,Izard County,AR,32
149,Jackson County,AR,12
150,Jefferson County,AR,2642
151,Johnson County,AR,384
152,Lafayette County,AR,68
153,Lawrence County,AR,355
154,Lee County,AR,54
155,Lincoln County,AR,3255
156,Little River County,AR,0
157,Logan County,AR,41
158,Lonoke County,AR,587
159,Madison County,AR,17
160,Marion County,AR,15
161,Miller County,AR,523
162,Mississippi County,AR,147
163,Monroe County,AR,48
164,Montgomery County,AR,0
165,Nevada County,AR,27
166,Newton County,AR,36
167,Ouachita County,AR,97
168,Perry County,AR,63
169,Phillips County,AR,63
170,Pike County,AR,63
171,Poinsett County,AR,227
172,Polk County,AR,170
173,Pope County,AR,652
174,Prairie County,AR,42
175,Pulaski County,AR,7552
176,Randolph County,AR,211
177,St. Francis County,AR,953
178,Saline County,AR,889
179,Scott County,AR,25
180,Searcy County,AR,172
181,Sebastian County,AR,273
182,Sevier County,AR,186
183,Sharp County,AR,40
184,Stone County,AR,185
185,Union County,AR,477
186,Van Buren County,AR,712
187,Washington County,AR,1110
188,White County,AR,695
189,Woodruff County,AR,34
190,Yell County,AR,31
191,Statewide Unallocated,CA,32
192,Grand Princess Cruise Ship,CA,1029
193,Alameda County,CA,23126
194,Alpine County,CA,43
195,Amador County,CA,168
196,Butte County,CA,386
197,Calaveras County,CA,247
198,Colusa County,CA,70
199,Contra Costa County,CA,14908
200,Del Norte County,CA,44
201,El Dorado County,CA,846
202,Fresno County,CA,5945
203,Glenn County,CA,84
204,Humboldt County,CA,1316
205,Imperial County,CA,3037
206,Inyo County,CA,372
207,Kern County,CA,10903
208,Kings County,CA,385
209,Lake County,CA,90
210,Lassen County,CA,0
211,Los Angeles County,CA,252753
212,Madera County,CA,913
213,Marin County,CA,4868
214,Mariposa County,CA,0
215,Mendocino County,CA,135
216,Merced County,CA,1509
217,Modoc County,CA,0
218,Mono County,CA,591
219,Monterey County,CA,2652
220,Napa County,CA,906
221,Nevada County,CA,891
222,Orange County,CA,33349
223,Placer County,CA,3385
224,Plumas County,CA,84
225,Riverside County,CA,44875
226,Sacramento County,CA,18814
227,San Benito County,CA,1101
228,San Bernardino County,CA,22700
229,San Diego County,CA,48701
230,San Francisco County,CA,24297
231,San Joaquin County,CA,8633
232,San Luis Obispo County,CA,3434
233,San Mateo County,CA,19798
234,Santa Barbara County,CA,7539
235,Santa Clara County,CA,53054
236,Santa Cruz County,CA,2522
237,Shasta County,CA,591
238,Sierra County,CA,0
239,Siskiyou County,CA,137
240,Solano County,CA,3543
241,Sonoma County,CA,4140
242,Stanislaus County,CA,3840
243,Sutter County,CA,568
244,Tehama County,CA,23
245,Trinity County,CA,0
246,Tulare County,CA,6746
247,Tuolumne County,CA,37
248,Ventura County,CA,8654
249,Yolo County,CA,2440
250,Yuba County,CA,369
251,Statewide Unallocated,CO,4518
252,Adams County,CO,16692
253,Alamosa County,CO,161
254,Arapahoe County,CO,27815
255,Archuleta County,CO,131
256,Baca County,CO,230
257,Bent County,CO,0
258,Boulder County,CO,7334
259,Broomfield County and City,CO,1944
260,Chaffee County,CO,839
261,Cheyenne County,CO,0
262,Clear Creek County,CO,272
263,Conejos County,CO,0
264,Costilla County,CO,81
265,Crowley County,CO,50
266,Custer County,CO,45
267,Delta County,CO,288
268,Denver County,CO,33311
269,Dolores County,CO,0
270,Douglas County,CO,8019
271,Eagle County,CO,12081
272,Elbert County,CO,408
273,El Paso County,CO,15911
274,Fremont County,CO,197
275,Garfield County,CO,1587
276,Gilpin County,CO,16
277,Grand County,CO,129
278,Gunnison County,CO,3171
279,Hinsdale County,CO,59
280,Huerfano County,CO,32
281,Jackson County,CO,0
282,Jefferson County,CO,19804
283,Kiowa County,CO,0
284,Kit Carson County,CO,244
285,Lake County,CO,132
286,La Plata County,CO,1095
287,Larimer County,CO,5375
288,Las Animas County,CO,47
289,Lincoln County,CO,49
290,Logan County,CO,389
291,Mesa County,CO,813
292,Mineral County,CO,52
293,Moffat County,CO,98
294,Montezuma County,CO,247
295,Montrose County,CO,1344
296,Morgan County,CO,2189
297,Otero County,CO,137
298,Ouray County,CO,84
299,Park County,CO,150
300,Phillips County,CO,94
301,Pitkin County,CO,1487
302,Prowers County,CO,16
303,Pueblo County,CO,1606
304,Rio Blanco County,CO,23
305,Rio Grande County,CO,158
306,Routt County,CO,1039
307,Saguache County,CO,71
308,San Juan County,CO,0
309,San Miguel County,CO,303
310,Sedgwick County,CO,0
311,Summit County,CO,1731
312,Teller County,CO,436
313,Washington County,CO,85
314,Weld County,CO,20353
315,Yuma County,CO,79
316,Statewide Unallocated,CT,10211
317,Fairfield County,CT,149139
318,Hartford County,CT,55573
319,Litchfield County,CT,10924
320,Middlesex County,CT,7627
321,New Haven County,CT,79687
322,New London County,CT,5169
323,Tolland County,CT,5048
324,Windham County,CT,1797
325,Statewide Unallocated,DE,272
326,Kent County,DE,6971
327,New Castle County,DE,21742
328,Sussex County,DE,14637
329,Washington,DC,50488
330,Statewide Unallocated,FL,168
331,Alachua County,FL,4850
332,Baker County,FL,434
333,Bay County,FL,957
334,Bradford County,FL,640
335,Brevard County,FL,3758
336,Broward County,FL,79216
337,Calhoun County,FL,108
338,Charlotte County,FL,2631
339,Citrus County,FL,1718
340,Clay County,FL,4089
341,Collier County,FL,9458
342,Columbia County,FL,656
343,DeSoto County,FL,499
344,Dixie County,FL,51
345,Duval County,FL,16898
346,Escambia County,FL,6063
347,Flagler County,FL,1339
348,Franklin County,FL,42
349,Gadsden County,FL,731
350,Gilchrist County,FL,67
351,Glades County,FL,112
352,Gulf County,FL,24
353,Hamilton County,FL,52
354,Hardee County,FL,75
355,Hendry County,FL,606
356,Hernando County,FL,1697
357,Highlands County,FL,1352
358,Hillsborough County,FL,19881
359,Holmes County,FL,90
360,Indian River County,FL,1867
361,Jackson County,FL,177
362,Jefferson County,FL,330
363,Lafayette County,FL,17
364,Lake County,FL,4096
365,Lee County,FL,15327
366,Leon County,FL,3034
367,Levy County,FL,189
368,Liberty County,FL,27
369,Madison County,FL,396
370,Manatee County,FL,6700
371,Marion County,FL,2300
372,Martin County,FL,2938
373,Miami-Dade County,FL,177924
374,Monroe County,FL,1563
375,Nassau County,FL,871
376,Okaloosa County,FL,2627
377,Okeechobee County,FL,123
378,Orange County,FL,24771
379,Osceola County,FL,8417
380,Palm Beach County,FL,41931
381,Pasco County,FL,4038
382,Pinellas County,FL,12354
383,Polk County,FL,6452
384,Putnam County,FL,1046
385,St. Johns County,FL,4415
386,St. Lucie County,FL,3764
387,Santa Rosa County,FL,2608
388,Sarasota County,FL,5787
389,Seminole County,FL,6721
390,Sumter County,FL,2991
391,Suwannee County,FL,1526
392,Taylor County,FL,25
393,Union County,FL,50
394,Volusia County,FL,6098
395,Wakulla County,FL,245
396,Walton County,FL,803
397,Washington County,FL,112
398,Statewide Unallocated,GA,20180
399,Appling County,GA,381
400,Atkinson County,GA,75
401,Bacon County,GA,337
402,Baker County,GA,312
403,Baldwin County,GA,1715
404,Banks County,GA,208
405,Barrow County,GA,1543
406,Bartow County,GA,6332
407,Ben Hill County,GA,257
408,Berrien County,GA,170
409,Bibb County,GA,2786
410,Bleckley County,GA,72
411,Brantley County,GA,248
412,Brooks County,GA,444
413,Bryan County,GA,707
414,Bulloch County,GA,446
415,Burke County,GA,749
416,Butts County,GA,1060
417,Calhoun County,GA,1106
418,Camden County,GA,492
419,Candler County,GA,102
420,Carroll County,GA,5999
421,Catoosa County,GA,421
422,Charlton County,GA,113
423,Chatham County,GA,3509
424,Chattahoochee County,GA,109
425,Chattooga County,GA,176
426,Cherokee County,GA,5718
427,Clarke County,GA,2498
428,Clay County,GA,359
429,Clayton County,GA,9817
430,Clinch County,GA,122
431,Cobb County,GA,21712
432,Coffee County,GA,1370
433,Colquitt County,GA,2294
434,Columbia County,GA,1903
435,Cook County,GA,183
436,Coweta County,GA,3012
437,Crawford County,GA,161
438,Crisp County,GA,1947
439,Dade County,GA,131
440,Dawson County,GA,774
441,Decatur County,GA,853
442,DeKalb County,GA,26741
443,Dodge County,GA,329
444,Dooly County,GA,1146
445,Dougherty County,GA,28870
446,Douglas County,GA,4333
447,Early County,GA,3087
448,Echols County,GA,58
449,Effingham County,GA,531
450,Elbert County,GA,122
451,Emanuel County,GA,201
452,Evans County,GA,34
453,Fannin County,GA,320
454,Fayette County,GA,2842
455,Floyd County,GA,2843
456,Forsyth County,GA,3628
457,Franklin County,GA,176
458,Fulton County,GA,42121
459,Gilmer County,GA,214
460,Glascock County,GA,0
461,Glynn County,GA,989
462,Gordon County,GA,1152
463,Grady County,GA,470
464,Greene County,GA,732
465,Gwinnett County,GA,20167
466,Habersham County,GA,1105
467,Hall County,GA,10215
468,Hancock County,GA,111
469,Haralson County,GA,424
470,Harris County,GA,625
471,Hart County,GA,109
472,Heard County,GA,122
473,Henry County,GA,7014
474,Houston County,GA,3116
475,Irwin County,GA,289
476,Jackson County,GA,851
477,Jasper County,GA,244
478,Jeff Davis County,GA,71
479,Jefferson County,GA,173
480,Jenkins County,GA,217
481,Johnson County,GA,467
482,Jones County,GA,318
483,Lamar County,GA,457
484,Lanier County,GA,115
485,Laurens County,GA,838
486,Lee County,GA,5790
487,Liberty County,GA,527
488,Lincoln County,GA,208
489,Long County,GA,42
490,Lowndes County,GA,1865
491,Lumpkin County,GA,390
492,McDuffie County,GA,574
493,McIntosh County,GA,75
494,Macon County,GA,725
495,Madison County,GA,301
496,Marion County,GA,365
497,Meriwether County,GA,683
498,Miller County,GA,384
499,Mitchell County,GA,3757
500,Monroe County,GA,329
501,Montgomery County,GA,28
502,Morgan County,GA,347
503,Murray County,GA,352
504,Muscogee County,GA,3584
505,Newton County,GA,2409
506,Oconee County,GA,1004
507,Oglethorpe County,GA,430
508,Paulding County,GA,2451
509,Peach County,GA,620
510,Pickens County,GA,360
511,Pierce County,GA,942
512,Pike County,GA,478
513,Polk County,GA,733
514,Pulaski County,GA,293
515,Putnam County,GA,284
516,Quitman County,GA,61
517,Rabun County,GA,144
518,Randolph County,GA,2370
519,Richmond County,GA,4183
520,Rockdale County,GA,2632
521,Schley County,GA,281
522,Screven County,GA,179
523,Seminole County,GA,418
524,Spalding County,GA,2077
525,Stephens County,GA,565
526,Stewart County,GA,207
527,Sumter County,GA,5477
528,Talbot County,GA,266
529,Taliaferro County,GA,0
530,Tattnall County,GA,115
531,Taylor County,GA,192
532,Telfair County,GA,230
533,Terrell County,GA,2784
534,Thomas County,GA,2046
535,Tift County,GA,1648
536,Toombs County,GA,331
537,Towns County,GA,171
538,Treutlen County,GA,24
539,Troup County,GA,1687
540,Turner County,GA,884
541,Twiggs County,GA,91
542,Union County,GA,207
543,Upson County,GA,2324
544,Walker County,GA,364
545,Walton County,GA,1088
546,Ware County,GA,1404
547,Warren County,GA,185
548,Washington County,GA,468
549,Wayne County,GA,118
550,Webster County,GA,92
551,Wheeler County,GA,56
552,White County,GA,382
553,Whitfield County,GA,791
554,Wilcox County,GA,563
555,Wilkes County,GA,237
556,Wilkinson County,GA,297
557,Worth County,GA,2182
558,Statewide Unallocated,HI,278
559,Hawaii County,HI,1047
560,Honolulu County,HI,9051
561,Kalawao County,HI,0
562,Kauai County,HI,519
563,Maui County,HI,2010
564,Statewide Unallocated,ID,30
565,Ada County,ID,12944
566,Adams County,ID,35
567,Bannock County,ID,170
568,Bear Lake County,ID,0
569,Benewah County,ID,0
570,Bingham County,ID,72
571,Blaine County,ID,11555
572,Boise County,ID,0
573,Bonner County,ID,82
574,Bonneville County,ID,376
575,Boundary County,ID,0
576,Butte County,ID,0
577,Camas County,ID,25
578,Canyon County,ID,3920
579,Caribou County,ID,21
580,Cassia County,ID,192
581,Clark County,ID,0
582,Clearwater County,ID,0
583,Custer County,ID,55
584,Elmore County,ID,428
585,Franklin County,ID,0
586,Fremont County,ID,50
587,Gem County,ID,219
588,Gooding County,ID,124
589,Idaho County,ID,72
590,Jefferson County,ID,117
591,Jerome County,ID,709
592,Kootenai County,ID,1234
593,Latah County,ID,64
594,Lemhi County,ID,0
595,Lewis County,ID,0
596,Lincoln County,ID,340
597,Madison County,ID,169
598,Minidoka County,ID,147
599,Nez Perce County,ID,649
600,Oneida County,ID,0
601,Owyhee County,ID,91
602,Payette County,ID,206
603,Power County,ID,36
604,Shoshone County,ID,0
605,Teton County,ID,177
606,Twin Falls County,ID,2021
607,Valley County,ID,60
608,Washington County,ID,24
609,Statewide Unallocated,IL,2349
610,Adams County,IL,485
611,Alexander County,IL,15
612,Bond County,IL,91
613,Boone County,IL,415
614,Brown County,IL,0
615,Bureau County,IL,136
616,Calhoun County,IL,20
617,Carroll County,IL,129
618,Cass County,IL,40
619,Champaign County,IL,1992
620,Christian County,IL,574
621,Clark County,IL,80
622,Clay County,IL,14
623,Clinton County,IL,828
624,Coles County,IL,180
625,Cook County,IL,389508
626,Crawford County,IL,105
627,Cumberland County,IL,49
628,DeKalb County,IL,930
629,De Witt County,IL,26
630,Douglas County,IL,267
631,DuPage County,IL,31446
632,Edgar County,IL,0
633,Edwards County,IL,0
634,Effingham County,IL,66
635,Fayette County,IL,221
636,Ford County,IL,92
637,Franklin County,IL,95
638,Fulton County,IL,17
639,Gallatin County,IL,31
640,Greene County,IL,18
641,Grundy County,IL,450
642,Hamilton County,IL,11
643,Hancock County,IL,41
644,Hardin County,IL,4
645,Henderson County,IL,18
646,Henry County,IL,506
647,Iroquois County,IL,224
648,Jackson County,IL,751
649,Jasper County,IL,242
650,Jefferson County,IL,413
651,Jersey County,IL,142
652,Jo Daviess County,IL,223
653,Johnson County,IL,25
654,Kane County,IL,11279
655,Kankakee County,IL,4684
656,Kendall County,IL,2538
657,Knox County,IL,122
658,Lake County,IL,38157
659,LaSalle County,IL,537
660,Lawrence County,IL,36
661,Lee County,IL,256
662,Livingston County,IL,341
663,Logan County,IL,68
664,McDonough County,IL,39
665,McHenry County,IL,6258
666,McLean County,IL,1756
667,Macon County,IL,881
668,Macoupin County,IL,330
669,Madison County,IL,2996
670,Marion County,IL,311
671,Marshall County,IL,55
672,Mason County,IL,74
673,Massac County,IL,55
674,Menard County,IL,56
675,Mercer County,IL,73
676,Monroe County,IL,902
677,Montgomery County,IL,227
678,Morgan County,IL,254
679,Moultrie County,IL,44
680,Ogle County,IL,685
681,Peoria County,IL,731
682,Perry County,IL,19
683,Piatt County,IL,119
684,Pike County,IL,21
685,Pope County,IL,0
686,Pulaski County,IL,119
687,Putnam County,IL,0
688,Randolph County,IL,971
689,Richland County,IL,27
690,Rock Island County,IL,2908
691,St. Clair County,IL,4758
692,Saline County,IL,60
693,Sangamon County,IL,1210
694,Schuyler County,IL,16
695,Scott County,IL,0
696,Shelby County,IL,73
697,Stark County,IL,17
698,Stephenson County,IL,215
699,Tazewell County,IL,455
700,Union County,IL,48
701,Vermilion County,IL,165
702,Wabash County,IL,25
703,Warren County,IL,147
704,Washington County,IL,96
705,Wayne County,IL,9
706,White County,IL,5
707,Whiteside County,IL,688
708,Will County,IL,29878
709,Williamson County,IL,256
710,Winnebago County,IL,2833
711,Woodford County,IL,238
712,Statewide Unallocated,IN,0
713,Adams County,IN,129
714,Allen County,IN,4549
715,Bartholomew County,IN,2380
716,Benton County,IN,46
717,Blackford County,IN,109
718,Boone County,IN,2683
719,Brown County,IN,267
720,Carroll County,IN,121
721,Cass County,IN,1148
722,Clark County,IN,3020
723,Clay County,IN,275
724,Clinton County,IN,281
725,Crawford County,IN,244
726,Daviess County,IN,396
727,Dearborn County,IN,1334
728,Decatur County,IN,3296
729,DeKalb County,IN,184
730,Delaware County,IN,1796
731,Dubois County,IN,279
732,Elkhart County,IN,2401
733,Fayette County,IN,491
734,Floyd County,IN,2515
735,Fountain County,IN,99
736,Franklin County,IN,1878
737,Fulton County,IN,90
738,Gibson County,IN,130
739,Grant County,IN,1134
740,Greene County,IN,590
741,Hamilton County,IN,11452
742,Hancock County,IN,2740
743,Harrison County,IN,1525
744,Hendricks County,IN,8224
745,Henry County,IN,490
746,Howard County,IN,1325
747,Huntington County,IN,135
748,Jackson County,IN,1547
749,Jasper County,IN,464
750,Jay County,IN,133
751,Jefferson County,IN,301
752,Jennings County,IN,1286
753,Johnson County,IN,7796
754,Knox County,IN,311
755,Kosciusko County,IN,425
756,LaGrange County,IN,271
757,Lake County,IN,18761
758,LaPorte County,IN,1671
759,Lawrence County,IN,1486
760,Madison County,IN,5486
761,Marion County,IN,73869
762,Marshall County,IN,381
763,Martin County,IN,82
764,Miami County,IN,403
765,Monroe County,IN,2070
766,Montgomery County,IN,520
767,Morgan County,IN,2367
768,Newton County,IN,461
769,Noble County,IN,546
770,Ohio County,IN,37
771,Orange County,IN,478
772,Owen County,IN,495
773,Parke County,IN,144
774,Perry County,IN,67
775,Pike County,IN,14
776,Porter County,IN,2924
777,Posey County,IN,150
778,Pulaski County,IN,25
779,Putnam County,IN,867
780,Randolph County,IN,213
781,Ripley County,IN,1859
782,Rush County,IN,383
783,St. Joseph County,IN,6168
784,Scott County,IN,391
785,Shelby County,IN,1875
786,Spencer County,IN,64
787,Starke County,IN,192
788,Steuben County,IN,285
789,Sullivan County,IN,151
790,Switzerland County,IN,275
791,Tippecanoe County,IN,1131
792,Tipton County,IN,256
793,Union County,IN,108
794,Vanderburgh County,IN,1528
795,Vermillion County,IN,93
796,Vigo County,IN,968
797,Wabash County,IN,157
798,Warren County,IN,103
799,Warrick County,IN,965
800,Washington County,IN,608
801,Wayne County,IN,434
802,Wells County,IN,104
803,White County,IN,131
804,Whitley County,IN,271
805,Statewide Unallocated,IA,43
806,Adair County,IA,39
807,Adams County,IA,0
808,Allamakee County,IA,705
809,Appanoose County,IA,39
810,Audubon County,IA,26
811,Benton County,IA,426
812,Black Hawk County,IA,3077
813,Boone County,IA,99
814,Bremer County,IA,291
815,Buchanan County,IA,180
816,Buena Vista County,IA,34
817,Butler County,IA,33
818,Calhoun County,IA,0
819,Carroll County,IA,44
820,Cass County,IA,12
821,Cedar County,IA,513
822,Cerro Gordo County,IA,340
823,Cherokee County,IA,5
824,Chickasaw County,IA,41
825,Clarke County,IA,35
826,Clay County,IA,54
827,Clayton County,IA,148
828,Clinton County,IA,713
829,Crawford County,IA,130
830,Dallas County,IA,1176
831,Davis County,IA,0
832,Decatur County,IA,0
833,Delaware County,IA,36
834,Des Moines County,IA,150
835,Dickinson County,IA,37
836,Dubuque County,IA,966
837,Emmet County,IA,0
838,Fayette County,IA,127
839,Floyd County,IA,0
840,Franklin County,IA,19
841,Fremont County,IA,0
842,Greene County,IA,18
843,Grundy County,IA,51
844,Guthrie County,IA,55
845,Hamilton County,IA,44
846,Hancock County,IA,97
847,Hardin County,IA,47
848,Harrison County,IA,350
849,Henry County,IA,469
850,Howard County,IA,44
851,Humboldt County,IA,9
852,Ida County,IA,0
853,Iowa County,IA,209
854,Jackson County,IA,93
855,Jasper County,IA,566
856,Jefferson County,IA,90
857,Johnson County,IA,5876
858,Jones County,IA,249
859,Keokuk County,IA,56
860,Kossuth County,IA,34
861,Lee County,IA,43
862,Linn County,IA,6826
863,Louisa County,IA,2641
864,Lucas County,IA,0
865,Lyon County,IA,77
866,Madison County,IA,49
867,Mahaska County,IA,138
868,Marion County,IA,64
869,Marshall County,IA,1842
870,Mills County,IA,33
871,Mitchell County,IA,48
872,Monona County,IA,164
873,Monroe County,IA,0
874,Montgomery County,IA,29
875,Muscatine County,IA,2952
876,O'Brien County,IA,72
877,Osceola County,IA,43
878,Page County,IA,86
879,Palo Alto County,IA,0
880,Plymouth County,IA,115
881,Pocahontas County,IA,0
882,Polk County,IA,5968
883,Pottawattamie County,IA,347
884,Poweshiek County,IA,258
885,Ringgold County,IA,0
886,Sac County,IA,0
887,Scott County,IA,2744
888,Shelby County,IA,170
889,Sioux County,IA,178
890,Story County,IA,287
891,Tama County,IA,2563
892,Taylor County,IA,28
893,Union County,IA,15
894,Van Buren County,IA,162
895,Wapello County,IA,106
896,Warren County,IA,348
897,Washington County,IA,2136
898,Wayne County,IA,0
899,Webster County,IA,48
900,Winnebago County,IA,34
901,Winneshiek County,IA,150
902,Woodbury County,IA,865
903,Worth County,IA,17
904,Wright County,IA,33
905,Statewide Unallocated,KS,0
906,Allen County,KS,0
907,Anderson County,KS,0
908,Atchison County,KS,84
909,Barber County,KS,18
910,Barton County,KS,114
911,Bourbon County,KS,148
912,Brown County,KS,0
913,Butler County,KS,268
914,Chase County,KS,8
915,Chautauqua County,KS,68
916,Cherokee County,KS,164
917,Cheyenne County,KS,0
918,Clark County,KS,2
919,Clay County,KS,38
920,Cloud County,KS,59
921,Coffey County,KS,926
922,Comanche County,KS,0
923,Cowley County,KS,24
924,Crawford County,KS,114
925,Decatur County,KS,0
926,Dickinson County,KS,11
927,Doniphan County,KS,40
928,Douglas County,KS,1085
929,Edwards County,KS,5
930,Elk County,KS,0
931,Ellis County,KS,60
932,Ellsworth County,KS,0
933,Finney County,KS,602
934,Ford County,KS,1677
935,Franklin County,KS,297
936,Geary County,KS,150
937,Gove County,KS,29
938,Graham County,KS,0
939,Grant County,KS,1
940,Gray County,KS,3
941,Greeley County,KS,0
942,Greenwood County,KS,28
943,Hamilton County,KS,14
944,Harper County,KS,0
945,Harvey County,KS,101
946,Haskell County,KS,15
947,Hodgeman County,KS,0
948,Jackson County,KS,37
949,Jefferson County,KS,113
950,Jewell County,KS,56
951,Johnson County,KS,7825
952,Kearny County,KS,29
953,Kingman County,KS,0
954,Kiowa County,KS,2
955,Labette County,KS,330
956,Lane County,KS,0
957,Leavenworth County,KS,2197
958,Lincoln County,KS,0
959,Linn County,KS,157
960,Logan County,KS,0
961,Lyon County,KS,948
962,McPherson County,KS,322
963,Marion County,KS,85
964,Marshall County,KS,0
965,Meade County,KS,1
966,Miami County,KS,69
967,Mitchell County,KS,66
968,Montgomery County,KS,258
969,Morris County,KS,76
970,Morton County,KS,28
971,Nemaha County,KS,0
972,Neosho County,KS,45
973,Ness County,KS,0
974,Norton County,KS,0
975,Osage County,KS,96
976,Osborne County,KS,43
977,Ottawa County,KS,70
978,Pawnee County,KS,0
979,Phillips County,KS,14
980,Pottawatomie County,KS,118
981,Pratt County,KS,24
982,Rawlins County,KS,0
983,Reno County,KS,321
984,Republic County,KS,70
985,Rice County,KS,2
986,Riley County,KS,508
987,Rooks County,KS,51
988,Rush County,KS,0
989,Russell County,KS,0
990,Saline County,KS,256
991,Scott County,KS,18
992,Sedgwick County,KS,4726
993,Seward County,KS,753
994,Shawnee County,KS,1634
995,Sheridan County,KS,5
996,Sherman County,KS,10
997,Smith County,KS,18
998,Stafford County,KS,27
999,Stanton County,KS,34
1000,Stevens County,KS,59
1001,Sumner County,KS,61
1002,Thomas County,KS,0
1003,Trego County,KS,0
1004,Wabaunsee County,KS,34
1005,Wallace County,KS,0
1006,Washington County,KS,0
1007,Wichita County,KS,0
1008,Wilson County,KS,8
1009,Woodson County,KS,98
1010,Wyandotte County,KS,7918
1011,Statewide Unallocated,KY,1394
1012,Adair County,KY,783
1013,Allen County,KY,86
1014,Anderson County,KY,125
1015,Ballard County,KY,47
1016,Barren County,KY,108
1017,Bath County,KY,48
1018,Bell County,KY,0
1019,Boone County,KY,1321
1020,Bourbon County,KY,103
1021,Boyd County,KY,476
1022,Boyle County,KY,205
1023,Bracken County,KY,126
1024,Breathitt County,KY,37
1025,Breckinridge County,KY,110
1026,Bullitt County,KY,545
1027,Butler County,KY,766
1028,Caldwell County,KY,153
1029,Calloway County,KY,339
1030,Campbell County,KY,1070
1031,Carlisle County,KY,2
1032,Carroll County,KY,54
1033,Carter County,KY,56
1034,Casey County,KY,11
1035,Christian County,KY,1432
1036,Clark County,KY,397
1037,Clay County,KY,6
1038,Clinton County,KY,36
1039,Crittenden County,KY,49
1040,Cumberland County,KY,47
1041,Daviess County,KY,2098
1042,Edmonson County,KY,138
1043,Elliott County,KY,0
1044,Estill County,KY,0
1045,Fayette County,KY,5052
1046,Fleming County,KY,27
1047,Floyd County,KY,39
1048,Franklin County,KY,191
1049,Fulton County,KY,0
1050,Gallatin County,KY,16
1051,Garrard County,KY,11
1052,Grant County,KY,278
1053,Graves County,KY,602
1054,Grayson County,KY,214
1055,Green County,KY,18
1056,Greenup County,KY,123
1057,Hancock County,KY,68
1058,Hardin County,KY,489
1059,Harlan County,KY,0
1060,Harrison County,KY,563
1061,Hart County,KY,23
1062,Henderson County,KY,560
1063,Henry County,KY,52
1064,Hickman County,KY,6
1065,Hopkins County,KY,1946
1066,Jackson County,KY,548
1067,Jefferson County,KY,14894
1068,Jessamine County,KY,588
1069,Johnson County,KY,22
1070,Kenton County,KY,2622
1071,Knott County,KY,31
1072,Knox County,KY,47
1073,Larue County,KY,77
1074,Laurel County,KY,189
1075,Lawrence County,KY,27
1076,Lee County,KY,0
1077,Leslie County,KY,33
1078,Letcher County,KY,17
1079,Lewis County,KY,45
1080,Lincoln County,KY,38
1081,Livingston County,KY,0
1082,Logan County,KY,155
1083,Lyon County,KY,225
1084,McCracken County,KY,491
1085,McCreary County,KY,171
1086,McLean County,KY,131
1087,Madison County,KY,454
1088,Magoffin County,KY,0
1089,Marion County,KY,205
1090,Marshall County,KY,213
1091,Martin County,KY,45
1092,Mason County,KY,93
1093,Meade County,KY,46
1094,Menifee County,KY,90
1095,Mercer County,KY,151
1096,Metcalfe County,KY,0
1097,Monroe County,KY,42
1098,Montgomery County,KY,169
1099,Morgan County,KY,15
1100,Muhlenberg County,KY,897
1101,Nelson County,KY,253
1102,Nicholas County,KY,27
1103,Ohio County,KY,245
1104,Oldham County,KY,348
1105,Owen County,KY,0
1106,Owsley County,KY,27
1107,Pendleton County,KY,72
1108,Perry County,KY,52
1109,Pike County,KY,87
1110,Powell County,KY,27
1111,Pulaski County,KY,651
1112,Robertson County,KY,0
1113,Rockcastle County,KY,164
1114,Rowan County,KY,19
1115,Russell County,KY,178
1116,Scott County,KY,410
1117,Shelby County,KY,344
1118,Simpson County,KY,388
1119,Spencer County,KY,159
1120,Taylor County,KY,83
1121,Todd County,KY,118
1122,Trigg County,KY,54
1123,Trimble County,KY,24
1124,Union County,KY,133
1125,Warren County,KY,1569
1126,Washington County,KY,63
1127,Wayne County,KY,113
1128,Webster County,KY,200
1129,Whitley County,KY,106
1130,Wolfe County,KY,0
1131,Woodford County,KY,333
1132,Statewide Unallocated,LA,1363
1133,Acadia Parish,LA,2368
1134,Allen Parish,LA,1605
1135,Ascension Parish,LA,10647
1136,Assumption Parish,LA,2664
1137,Avoyelles Parish,LA,1435
1138,Beauregard Parish,LA,677
1139,Bienville Parish,LA,920
1140,Bossier Parish,LA,4781
1141,Caddo Parish,LA,24581
1142,Calcasieu Parish,LA,6081
1143,Caldwell Parish,LA,297
1144,Cameron Parish,LA,38
1145,Catahoula Parish,LA,440
1146,Claiborne Parish,LA,940
1147,Concordia Parish,LA,412
1148,De Soto Parish,LA,2974
1149,East Baton Rouge Parish,LA,28263
1150,East Carroll Parish,LA,41
1151,East Feliciana Parish,LA,1607
1152,Evangeline Parish,LA,835
1153,Franklin Parish,LA,1256
1154,Grant Parish,LA,246
1155,Iberia Parish,LA,3372
1156,Iberville Parish,LA,5228
1157,Jackson Parish,LA,228
1158,Jefferson Parish,LA,115710
1159,Jefferson Davis Parish,LA,911
1160,Lafayette Parish,LA,8548
1161,Lafourche Parish,LA,10562
1162,La Salle Parish,LA,249
1163,Lincoln Parish,LA,926
1164,Livingston Parish,LA,2810
1165,Madison Parish,LA,67
1166,Morehouse Parish,LA,661
1167,Natchitoches Parish,LA,898
1168,Orleans Parish,LA,137477
1169,Ouachita Parish,LA,8864
1170,Plaquemines Parish,LA,3267
1171,Pointe Coupee Parish,LA,1123
1172,Rapides Parish,LA,4106
1173,Red River Parish,LA,268
1174,Richland Parish,LA,530
1175,Sabine Parish,LA,222
1176,St. Bernard Parish,LA,8466
1177,St. Charles Parish,LA,9620
1178,St. Helena Parish,LA,313
1179,St. James Parish,LA,4919
1180,St. John the Baptist Parish,LA,12826
1181,St. Landry Parish,LA,2513
1182,St. Martin Parish,LA,3528
1183,St. Mary Parish,LA,2717
1184,St. Tammany Parish,LA,20771
1185,Tangipahoa Parish,LA,7815
1186,Tensas Parish,LA,14
1187,Terrebonne Parish,LA,6134
1188,Union Parish,LA,1262
1189,Vermilion Parish,LA,602
1190,Vernon Parish,LA,310
1191,Washington Parish,LA,3553
1192,Webster Parish,LA,1505
1193,West Baton Rouge Parish,LA,1650
1194,West Carroll Parish,LA,63
1195,West Feliciana Parish,LA,1162
1196,Winn Parish,LA,261
1197,Statewide Unallocated,ME,177
1198,Androscoggin County,ME,732
1199,Aroostook County,ME,43
1200,Cumberland County,ME,8585
1201,Franklin County,ME,218
1202,Hancock County,ME,105
1203,Kennebec County,ME,1500
1204,Knox County,ME,272
1205,Lincoln County,ME,317
1206,Oxford County,ME,377
1207,Penobscot County,ME,891
1208,Piscataquis County,ME,6
1209,Sagadahoc County,ME,389
1210,Somerset County,ME,224
1211,Waldo County,ME,608
1212,Washington County,ME,32
1213,York County,ME,3728
1214,Statewide Unallocated,MD,12
1215,Allegany County,MD,545
1216,Anne Arundel County,MD,17780
1217,Baltimore County,MD,30816
1218,Calvert County,MD,1989
1219,Caroline County,MD,529
1220,Carroll County,MD,5976
1221,Cecil County,MD,2024
1222,Charles County,MD,6305
1223,Dorchester County,MD,304
1224,Frederick County,MD,9022
1225,Garrett County,MD,118
1226,Harford County,MD,3515
1227,Howard County,MD,9674
1228,Kent County,MD,415
1229,Montgomery County,MD,43199
1230,Prince George's County,MD,54009
1231,Queen Anne's County,MD,493
1232,St. Mary's County,MD,1900
1233,Somerset County,MD,166
1234,Talbot County,MD,349
1235,Washington County,MD,1987
1236,Wicomico County,MD,1885
1237,Worcester County,MD,519
1238,Baltimore City,MD,22984
1239,Statewide Unallocated,MA,14009
1240,Barnstable County,MA,12978
1241,Berkshire County,MA,9048
1242,Bristol County,MA,32299
1243,Dukes County,MA,272
1244,Essex County,MA,85834
1245,Franklin County,MA,3745
1246,Hampden County,MA,40898
1247,Hampshire County,MA,5668
1248,Middlesex County,MA,149513
1249,Nantucket County,MA,229
1250,Norfolk County,MA,68354
1251,Plymouth County,MA,50606
1252,Suffolk County,MA,140329
1253,Worcester County,MA,52712
1254,Statewide Unallocated,MI,14756
1255,Alcona County,MI,15
1256,Alger County,MI,0
1257,Allegan County,MI,637
1258,Alpena County,MI,219
1259,Antrim County,MI,171
1260,Arenac County,MI,158
1261,Baraga County,MI,0
1262,Barry County,MI,352
1263,Bay County,MI,1399
1264,Benzie County,MI,25
1265,Berrien County,MI,2818
1266,Branch County,MI,630
1267,Calhoun County,MI,2290
1268,Cass County,MI,356
1269,Charlevoix County,MI,278
1270,Cheboygan County,MI,257
1271,Chippewa County,MI,11
1272,Clare County,MI,126
1273,Clinton County,MI,2132
1274,Crawford County,MI,370
1275,Delta County,MI,215
1276,Dickinson County,MI,58
1277,Eaton County,MI,1859
1278,Emmet County,MI,435
1279,Genesee County,MI,22866
1280,Gladwin County,MI,156
1281,Gogebic County,MI,92
1282,Grand Traverse County,MI,416
1283,Gratiot County,MI,163
1284,Hillsdale County,MI,1727
1285,Houghton County,MI,37
1286,Huron County,MI,163
1287,Ingham County,MI,6376
1288,Ionia County,MI,409
1289,Iosco County,MI,184
1290,Iron County,MI,0
1291,Isabella County,MI,866
1292,Jackson County,MI,4391
1293,Kalamazoo County,MI,2768
1294,Kalkaska County,MI,338
1295,Kent County,MI,9330
1296,Keweenaw County,MI,0
1297,Lake County,MI,26
1298,Lapeer County,MI,2355
1299,Leelanau County,MI,123
1300,Lenawee County,MI,1245
1301,Livingston County,MI,5540
1302,Luce County,MI,23
1303,Mackinac County,MI,83
1304,Macomb County,MI,82834
1305,Manistee County,MI,211
1306,Marquette County,MI,558
1307,Mason County,MI,55
1308,Mecosta County,MI,239
1309,Menominee County,MI,17
1310,Midland County,MI,854
1311,Missaukee County,MI,84
1312,Monroe County,MI,4550
1313,Montcalm County,MI,523
1314,Montmorency County,MI,40
1315,Muskegon County,MI,2185
1316,Newaygo County,MI,147
1317,Oakland County,MI,123076
1318,Oceana County,MI,83
1319,Ogemaw County,MI,106
1320,Ontonagon County,MI,0
1321,Osceola County,MI,122
1322,Oscoda County,MI,80
1323,Otsego County,MI,1122
1324,Ottawa County,MI,2097
1325,Presque Isle County,MI,55
1326,Roscommon County,MI,191
1327,Saginaw County,MI,6882
1328,St. Clair County,MI,4579
1329,St. Joseph County,MI,459
1330,Sanilac County,MI,565
1331,Schoolcraft County,MI,43
1332,Shiawassee County,MI,1475
1333,Tuscola County,MI,1062
1334,Van Buren County,MI,573
1335,Washtenaw County,MI,18615
1336,Wayne County,MI,281557
1337,Wexford County,MI,163
1338,Statewide Unallocated,MN,126
1339,Aitkin County,MN,8
1340,Anoka County,MN,1798
1341,Becker County,MN,17
1342,Beltrami County,MN,136
1343,Benton County,MN,67
1344,Big Stone County,MN,33
1345,Blue Earth County,MN,567
1346,Brown County,MN,149
1347,Carlton County,MN,542
1348,Carver County,MN,393
1349,Cass County,MN,84
1350,Chippewa County,MN,5
1351,Chisago County,MN,156
1352,Clay County,MN,969
1353,Clearwater County,MN,54
1354,Cook County,MN,0
1355,Cottonwood County,MN,135
1356,Crow Wing County,MN,317
1357,Dakota County,MN,2548
1358,Dodge County,MN,397
1359,Douglas County,MN,33
1360,Faribault County,MN,92
1361,Fillmore County,MN,291
1362,Freeborn County,MN,525
1363,Goodhue County,MN,360
1364,Grant County,MN,0
1365,Hennepin County,MN,15469
1366,Houston County,MN,20
1367,Hubbard County,MN,0
1368,Isanti County,MN,106
1369,Itasca County,MN,49
1370,Jackson County,MN,50
1371,Kanabec County,MN,0
1372,Kandiyohi County,MN,70
1373,Kittson County,MN,7
1374,Koochiching County,MN,23
1375,Lac Qui Parle County,MN,33
1376,Lake County,MN,0
1377,Lake of the Woods County,MN,0
1378,Le Sueur County,MN,573
1379,Lincoln County,MN,48
1380,Lyon County,MN,110
1381,McLeod County,MN,44
1382,Mahnomen County,MN,30
1383,Marshall County,MN,6
1384,Martin County,MN,1042
1385,Meeker County,MN,52
1386,Mille Lacs County,MN,9
1387,Morrison County,MN,6
1388,Mower County,MN,620
1389,Murray County,MN,38
1390,Nicollet County,MN,175
1391,Nobles County,MN,872
1392,Norman County,MN,39
1393,Olmsted County,MN,3740
1394,Otter Tail County,MN,89
1395,Pennington County,MN,4
1396,Pine County,MN,173
1397,Pipestone County,MN,27
1398,Polk County,MN,83
1399,Pope County,MN,0
1400,Ramsey County,MN,3978
1401,Red Lake County,MN,11
1402,Redwood County,MN,19
1403,Renville County,MN,78
1404,Rice County,MN,147
1405,Rock County,MN,44
1406,Roseau County,MN,18
1407,St. Louis County,MN,909
1408,Scott County,MN,549
1409,Sherburne County,MN,288
1410,Sibley County,MN,29
1411,Stearns County,MN,343
1412,Steele County,MN,254
1413,Stevens County,MN,0
1414,Swift County,MN,18
1415,Todd County,MN,31
1416,Traverse County,MN,50
1417,Wabasha County,MN,198
1418,Wadena County,MN,0
1419,Waseca County,MN,102
1420,Washington County,MN,2100
1421,Watonwan County,MN,94
1422,Wilkin County,MN,146
1423,Winona County,MN,885
1424,Wright County,MN,480
1425,Yellow Medicine County,MN,54
1426,Statewide Unallocated,MS,449
1427,Adams County,MS,1308
1428,Alcorn County,MS,160
1429,Amite County,MS,311
1430,Attala County,MS,713
1431,Benton County,MS,153
1432,Bolivar County,MS,1618
1433,Calhoun County,MS,556
1434,Carroll County,MS,211
1435,Chickasaw County,MS,780
1436,Choctaw County,MS,276
1437,Claiborne County,MS,143
1438,Clarke County,MS,422
1439,Clay County,MS,437
1440,Coahoma County,MS,1089
1441,Copiah County,MS,845
1442,Covington County,MS,424
1443,DeSoto County,MS,4789
1444,Forrest County,MS,2529
1445,Franklin County,MS,269
1446,George County,MS,193
1447,Greene County,MS,47
1448,Grenada County,MS,348
1449,Hancock County,MS,1078
1450,Harrison County,MS,2997
1451,Hinds County,MS,6529
1452,Holmes County,MS,1154
1453,Humphreys County,MS,234
1454,Issaquena County,MS,0
1455,Itawamba County,MS,333
1456,Jackson County,MS,3790
1457,Jasper County,MS,322
1458,Jefferson County,MS,90
1459,Jefferson Davis County,MS,134
1460,Jones County,MS,1012
1461,Kemper County,MS,341
1462,Lafayette County,MS,1031
1463,Lamar County,MS,1004
1464,Lauderdale County,MS,3482
1465,Lawrence County,MS,277
1466,Leake County,MS,1109
1467,Lee County,MS,1241
1468,Leflore County,MS,1530
1469,Lincoln County,MS,1525
1470,Lowndes County,MS,651
1471,Madison County,MS,2784
1472,Marion County,MS,638
1473,Marshall County,MS,806
1474,Monroe County,MS,1125
1475,Montgomery County,MS,362
1476,Neshoba County,MS,941
1477,Newton County,MS,405
1478,Noxubee County,MS,309
1479,Oktibbeha County,MS,945
1480,Panola County,MS,612
1481,Pearl River County,MS,2343
1482,Perry County,MS,429
1483,Pike County,MS,1661
1484,Pontotoc County,MS,374
1485,Prentiss County,MS,375
1486,Quitman County,MS,270
1487,Rankin County,MS,2709
1488,Scott County,MS,1885
1489,Sharkey County,MS,73
1490,Simpson County,MS,331
1491,Smith County,MS,668
1492,Stone County,MS,249
1493,Sunflower County,MS,884
1494,Tallahatchie County,MS,139
1495,Tate County,MS,624
1496,Tippah County,MS,1150
1497,Tishomingo County,MS,59
1498,Tunica County,MS,604
1499,Union County,MS,215
1500,Walthall County,MS,481
1501,Warren County,MS,345
1502,Washington County,MS,1373
1503,Wayne County,MS,186
1504,Webster County,MS,345
1505,Wilkinson County,MS,1139
1506,Winston County,MS,563
1507,Yalobusha County,MS,327
1508,Yazoo County,MS,1502
1509,Statewide Unallocated,MO,119
1510,Adair County,MO,267
1511,Andrew County,MO,14
1512,Atchison County,MO,40
1513,Audrain County,MO,6
1514,Barry County,MO,62
1515,Barton County,MO,0
1516,Bates County,MO,128
1517,Benton County,MO,81
1518,Bollinger County,MO,65
1519,Boone County,MO,2389
1520,Buchanan County,MO,544
1521,Butler County,MO,322
1522,Caldwell County,MO,34
1523,Callaway County,MO,525
1524,Camden County,MO,691
1525,Cape Girardeau County,MO,723
1526,Carroll County,MO,5
1527,Carter County,MO,83
1528,Cass County,MO,992
1529,Cedar County,MO,123
1530,Chariton County,MO,107
1531,Christian County,MO,443
1532,Clark County,MO,22
1533,Clay County,MO,1166
1534,Clinton County,MO,247
1535,Cole County,MO,1018
1536,Cooper County,MO,92
1537,Crawford County,MO,99
1538,Dade County,MO,0
1539,Dallas County,MO,34
1540,Daviess County,MO,19
1541,DeKalb County,MO,57
1542,Dent County,MO,0
1543,Douglas County,MO,0
1544,Dunklin County,MO,348
1545,Franklin County,MO,1698
1546,Gasconade County,MO,45
1547,Gentry County,MO,19
1548,Greene County,MO,2066
1549,Grundy County,MO,0
1550,Harrison County,MO,115
1551,Henry County,MO,111
1552,Hickory County,MO,0
1553,Holt County,MO,10
1554,Howard County,MO,30
1555,Howell County,MO,86
1556,Iron County,MO,20
1557,Jackson County (including other portions of Kansas City),MO,13570
1558,Jasper County,MO,427
1559,Jefferson County,MO,3430
1560,Johnson County,MO,999
1561,Knox County,MO,0
1562,Laclede County,MO,0
1563,Lafayette County,MO,712
1564,Lawrence County,MO,0
1565,Lewis County,MO,17
1566,Lincoln County,MO,630
1567,Linn County,MO,82
1568,Livingston County,MO,37
1569,McDonald County,MO,90
1570,Macon County,MO,51
1571,Madison County,MO,19
1572,Maries County,MO,47
1573,Marion County,MO,20
1574,Mercer County,MO,0
1575,Miller County,MO,10
1576,Mississippi County,MO,0
1577,Moniteau County,MO,279
1578,Monroe County,MO,0
1579,Montgomery County,MO,147
1580,Morgan County,MO,38
1581,New Madrid County,MO,144
1582,Newton County,MO,210
1583,Nodaway County,MO,51
1584,Oregon County,MO,18
1585,Osage County,MO,92
1586,Ozark County,MO,0
1587,Pemiscot County,MO,201
1588,Perry County,MO,835
1589,Pettis County,MO,174
1590,Phelps County,MO,19
1591,Pike County,MO,112
1592,Platte County,MO,576
1593,Polk County,MO,18
1594,Pulaski County,MO,455
1595,Putnam County,MO,0
1596,Ralls County,MO,31
1597,Randolph County,MO,178
1598,Ray County,MO,152
1599,Reynolds County,MO,52
1600,Ripley County,MO,73
1601,St. Charles County,MO,7943
1602,St. Clair County,MO,32
1603,Ste. Genevieve County,MO,153
1604,St. Francois County,MO,499
1605,St. Louis County,MO,41989
1606,Saline County,MO,785
1607,Schuyler County,MO,0
1608,Scotland County,MO,56
1609,Scott County,MO,680
1610,Shannon County,MO,0
1611,Shelby County,MO,31
1612,Stoddard County,MO,291
1613,Stone County,MO,71
1614,Sullivan County,MO,0
1615,Taney County,MO,184
1616,Texas County,MO,0
1617,Vernon County,MO,49
1618,Warren County,MO,336
1619,Washington County,MO,56
1620,Wayne County,MO,0
1621,Webster County,MO,138
1622,Worth County,MO,19
1623,Wright County,MO,198
1624,City of St. Louis,MO,14915
1625,Statewide Unallocated,MT,10
1626,Beaverhead County,MT,21
1627,Big Horn County,MT,27
1628,Blaine County,MT,0
1629,Broadwater County,MT,124
1630,Carbon County,MT,87
1631,Carter County,MT,0
1632,Cascade County,MT,334
1633,Chouteau County,MT,0
1634,Custer County,MT,0
1635,Daniels County,MT,0
1636,Dawson County,MT,0
1637,Deer Lodge County,MT,88
1638,Fallon County,MT,0
1639,Fergus County,MT,0
1640,Flathead County,MT,809
1641,Gallatin County,MT,3406
1642,Garfield County,MT,0
1643,Glacier County,MT,57
1644,Golden Valley County,MT,25
1645,Granite County,MT,0
1646,Hill County,MT,31
1647,Jefferson County,MT,61
1648,Judith Basin County,MT,0
1649,Lake County,MT,134
1650,Lewis and Clark County,MT,451
1651,Liberty County,MT,25
1652,Lincoln County,MT,184
1653,McCone County,MT,0
1654,Madison County,MT,213
1655,Meagher County,MT,29
1656,Mineral County,MT,0
1657,Missoula County,MT,778
1658,Musselshell County,MT,25
1659,Park County,MT,171
1660,Petroleum County,MT,0
1661,Phillips County,MT,0
1662,Pondera County,MT,15
1663,Powder River County,MT,0
1664,Powell County,MT,0
1665,Prairie County,MT,0
1666,Ravalli County,MT,91
1667,Richland County,MT,43
1668,Roosevelt County,MT,91
1669,Rosebud County,MT,0
1670,Sanders County,MT,0
1671,Sheridan County,MT,0
1672,Silver Bow County,MT,333
1673,Stillwater County,MT,9
1674,Sweet Grass County,MT,0
1675,Teton County,MT,0
1676,Toole County,MT,506
1677,Treasure County,MT,0
1678,Valley County,MT,0
1679,Wheatland County,MT,1
1680,Wibaux County,MT,0
1681,Yellowstone County,MT,1511
1682,Statewide Unallocated,NE,135
1683,Adams County,NE,1210
1684,Antelope County,NE,25
1685,Arthur County,NE,0
1686,Banner County,NE,0
1687,Blaine County,NE,0
1688,Boone County,NE,0
1689,Box Butte County,NE,14
1690,Boyd County,NE,0
1691,Brown County,NE,0
1692,Buffalo County,NE,872
1693,Burt County,NE,16
1694,Butler County,NE,8
1695,Cass County,NE,93
1696,Cedar County,NE,0
1697,Chase County,NE,0
1698,Cherry County,NE,21
1699,Cheyenne County,NE,54
1700,Clay County,NE,43
1701,Colfax County,NE,86
1702,Cuming County,NE,44
1703,Custer County,NE,263
1704,Dakota County,NE,415
1705,Dawes County,NE,0
1706,Dawson County,NE,869
1707,Deuel County,NE,0
1708,Dixon County,NE,4
1709,Dodge County,NE,307
1710,Douglas County,NE,6100
1711,Dundy County,NE,0
1712,Fillmore County,NE,3
1713,Franklin County,NE,43
1714,Frontier County,NE,0
1715,Furnas County,NE,12
1716,Gage County,NE,494
1717,Garden County,NE,0
1718,Garfield County,NE,0
1719,Gosper County,NE,66
1720,Grant County,NE,0
1721,Greeley County,NE,1
1722,Hall County,NE,5413
1723,Hamilton County,NE,286
1724,Harlan County,NE,0
1725,Hayes County,NE,0
1726,Hitchcock County,NE,0
1727,Holt County,NE,0
1728,Hooker County,NE,0
1729,Howard County,NE,36
1730,Jefferson County,NE,0
1731,Johnson County,NE,19
1732,Kearney County,NE,69
1733,Keith County,NE,0
1734,Keya Paha County,NE,0
1735,Kimball County,NE,191
1736,Knox County,NE,85
1737,Lancaster County,NE,1331
1738,Lincoln County,NE,428
1739,Logan County,NE,0
1740,Loup County,NE,0
1741,McPherson County,NE,0
1742,Madison County,NE,250
1743,Merrick County,NE,92
1744,Morrill County,NE,10
1745,Nance County,NE,9
1746,Nemaha County,NE,37
1747,Nuckolls County,NE,0
1748,Otoe County,NE,23
1749,Pawnee County,NE,0
1750,Perkins County,NE,0
1751,Phelps County,NE,19
1752,Pierce County,NE,14
1753,Platte County,NE,153
1754,Polk County,NE,54
1755,Red Willow County,NE,8
1756,Richardson County,NE,0
1757,Rock County,NE,0
1758,Saline County,NE,98
1759,Sarpy County,NE,1083
1760,Saunders County,NE,138
1761,Scotts Bluff County,NE,314
1762,Seward County,NE,38
1763,Sheridan County,NE,0
1764,Sherman County,NE,1
1765,Sioux County,NE,0
1766,Stanton County,NE,25
1767,Thayer County,NE,0
1768,Thomas County,NE,0
1769,Thurston County,NE,0
1770,Valley County,NE,0
1771,Washington County,NE,542
1772,Wayne County,NE,14
1773,Webster County,NE,21
1774,Wheeler County,NE,0
1775,York County,NE,100
1776,Statewide Unallocated,NV,1434
1777,Churchill County,NV,25
1778,Clark County,NV,58416
1779,Douglas County,NV,289
1780,Elko County,NV,274
1781,Esmeralda County,NV,0
1782,Eureka County,NV,0
1783,Humboldt County,NV,482
1784,Lander County,NV,5
1785,Lincoln County,NV,0
1786,Lyon County,NV,231
1787,Mineral County,NV,8
1788,Nye County,NV,385
1789,Pershing County,NV,0
1790,Storey County,NV,0
1791,Washoe County,NV,11483
1792,White Pine County,NV,44
1793,Carson City,NV,495
1794,Statewide Unallocated,NH,304
1795,Belknap County,NH,615
1796,Carroll County,NH,701
1797,Cheshire County,NH,510
1798,Coos County,NH,37
1799,Grafton County,NH,1353
1800,Hillsborough County,NH,10496
1801,Merrimack County,NH,1849
1802,Rockingham County,NH,9341
1803,Strafford County,NH,1776
1804,Sullivan County,NH,193
1805,Statewide Unallocated,NJ,64135
1806,Atlantic County,NJ,6735
1807,Bergen County,NJ,246878
1808,Burlington County,NJ,27797
1809,Camden County,NJ,34568
1810,Cape May County,NJ,3500
1811,Cumberland County,NJ,4679
1812,Essex County,NJ,187142
1813,Gloucester County,NJ,12973
1814,Hudson County,NJ,187006
1815,Hunterdon County,NJ,7992
1816,Mercer County,NJ,40188
1817,Middlesex County,NJ,143736
1818,Monmouth County,NJ,93037
1819,Morris County,NJ,77449
1820,Ocean County,NJ,90126
1821,Passaic County,NJ,147241
1822,Salem County,NJ,1802
1823,Somerset County,NJ,42928
1824,Sussex County,NJ,12136
1825,Union County,NJ,163145
1826,Warren County,NJ,10157
1827,Statewide Unallocated,NM,10
1828,Bernalillo County,NM,10848
1829,Catron County,NM,23
1830,Chaves County,NM,479
1831,Cibola County,NM,576
1832,Colfax County,NM,50
1833,Curry County,NM,222
1834,De Baca County,NM,0
1835,Dona Ana County,NM,1370
1836,Eddy County,NM,186
1837,Grant County,NM,195
1838,Guadalupe County,NM,16
1839,Harding County,NM,2
1840,Hidalgo County,NM,0
1841,Lea County,NM,81
1842,Lincoln County,NM,24
1843,Los Alamos County,NM,95
1844,Luna County,NM,39
1845,McKinley County,NM,5294
1846,Mora County,NM,0
1847,Otero County,NM,70
1848,Quay County,NM,28
1849,Rio Arriba County,NM,208
1850,Roosevelt County,NM,38
1851,Sandoval County,NM,5273
1852,San Juan County,NM,4524
1853,San Miguel County,NM,46
1854,Santa Fe County,NM,2056
1855,Sierra County,NM,0
1856,Socorro County,NM,415
1857,Taos County,NM,417
1858,Torrance County,NM,234
1859,Union County,NM,0
1860,Valencia County,NM,466
1861,Statewide Unallocated,NY,425
1862,New York City Unallocated/Probable,NY,739
1863,Albany County,NY,13947
1864,Allegany County,NY,618
1865,Bronx County,NY,562309
1866,Broome County,NY,3426
1867,Cattaraugus County,NY,590
1868,Cayuga County,NY,614
1869,Chautauqua County,NY,495
1870,Chemung County,NY,1481
1871,Chenango County,NY,1552
1872,Clinton County,NY,1128
1873,Columbia County,NY,2131
1874,Cortland County,NY,488
1875,Delaware County,NY,1032
1876,Dutchess County,NY,43567
1877,Erie County,NY,40446
1878,Essex County,NY,340
1879,Franklin County,NY,307
1880,Fulton County,NY,470
1881,Genesee County,NY,1701
1882,Greene County,NY,1346
1883,Hamilton County,NY,91
1884,Herkimer County,NY,955
1885,Jefferson County,NY,1048
1886,Kings County,NY,738273
1887,Lewis County,NY,156
1888,Livingston County,NY,761
1889,Madison County,NY,2416
1890,Monroe County,NY,20935
1891,Montgomery County,NY,692
1892,Nassau County,NY,598565
1893,New York County,NY,388132
1894,Niagara County,NY,4628
1895,Oneida County,NY,4828
1896,Onondaga County,NY,10794
1897,Ontario County,NY,1404
1898,Orange County,NY,125257
1899,Orleans County,NY,723
1900,Oswego County,NY,964
1901,Otsego County,NY,1013
1902,Putnam County,NY,12401
1903,Queens County,NY,857603
1904,Rensselaer County,NY,3261
1905,Richmond County,NY,187051
1906,Rockland County,NY,193705
1907,St. Lawrence County,NY,2102
1908,Saratoga County,NY,5709
1909,Schenectady County,NY,5549
1910,Schoharie County,NY,397
1911,Schuyler County,NY,140
1912,Seneca County,NY,400
1913,Steuben County,NY,2923
1914,Suffolk County,NY,521443
1915,Sullivan County,NY,9677
1916,Tioga County,NY,557
1917,Tompkins County,NY,2881
1918,Ulster County,NY,15726
1919,Warren County,NY,1568
1920,Washington County,NY,997
1921,Wayne County,NY,1108
1922,Westchester County,NY,526330
1923,Wyoming County,NY,777
1924,Yates County,NY,125
1925,Statewide Unallocated,NC,72
1926,Alamance County,NC,974
1927,Alexander County,NC,64
1928,Alleghany County,NC,52
1929,Anson County,NC,251
1930,Ashe County,NC,68
1931,Avery County,NC,0
1932,Beaufort County,NC,296
1933,Bertie County,NC,388
1934,Bladen County,NC,40
1935,Brunswick County,NC,840
1936,Buncombe County,NC,994
1937,Burke County,NC,1175
1938,Cabarrus County,NC,3626
1939,Caldwell County,NC,387
1940,Camden County,NC,0
1941,Carteret County,NC,509
1942,Caswell County,NC,112
1943,Catawba County,NC,841
1944,Chatham County,NC,1760
1945,Cherokee County,NC,301
1946,Chowan County,NC,80
1947,Clay County,NC,88
1948,Cleveland County,NC,784
1949,Columbus County,NC,807
1950,Craven County,NC,644
1951,Cumberland County,NC,2059
1952,Currituck County,NC,58
1953,Dare County,NC,190
1954,Davidson County,NC,1981
1955,Davie County,NC,523
1956,Duplin County,NC,402
1957,Durham County,NC,7981
1958,Edgecombe County,NC,718
1959,Forsyth County,NC,2854
1960,Franklin County,NC,1165
1961,Gaston County,NC,2049
1962,Gates County,NC,78
1963,Graham County,NC,0
1964,Granville County,NC,2026
1965,Greene County,NC,259
1966,Guilford County,NC,3741
1967,Halifax County,NC,510
1968,Harnett County,NC,1200
1969,Haywood County,NC,78
1970,Henderson County,NC,2008
1971,Hertford County,NC,162
1972,Hoke County,NC,469
1973,Hyde County,NC,0
1974,Iredell County,NC,1715
1975,Jackson County,NC,31
1976,Johnston County,NC,2068
1977,Jones County,NC,117
1978,Lee County,NC,496
1979,Lenoir County,NC,380
1980,Lincoln County,NC,379
1981,McDowell County,NC,381
1982,Macon County,NC,39
1983,Madison County,NC,0
1984,Martin County,NC,154
1985,Mecklenburg County,NC,24195
1986,Mitchell County,NC,80
1987,Montgomery County,NC,341
1988,Moore County,NC,1186
1989,Nash County,NC,942
1990,New Hanover County,NC,1370
1991,Northampton County,NC,1480
1992,Onslow County,NC,660
1993,Orange County,NC,3299
1994,Pamlico County,NC,112
1995,Pasquotank County,NC,414
1996,Pender County,NC,108
1997,Perquimans County,NC,123
1998,Person County,NC,240
1999,Pitt County,NC,1677
2000,Polk County,NC,213
2001,Randolph County,NC,1353
2002,Richmond County,NC,248
2003,Robeson County,NC,403
2004,Rockingham County,NC,297
2005,Rowan County,NC,3744
2006,Rutherford County,NC,1070
2007,Sampson County,NC,309
2008,Scotland County,NC,201
2009,Stanly County,NC,368
2010,Stokes County,NC,193
2011,Surry County,NC,220
2012,Swain County,NC,0
2013,Transylvania County,NC,166
2014,Tyrrell County,NC,41
2015,Union County,NC,2962
2016,Vance County,NC,530
2017,Wake County,NC,12017
2018,Warren County,NC,59
2019,Washington County,NC,323
2020,Watauga County,NC,230
2021,Wayne County,NC,4686
2022,Wilkes County,NC,109
2023,Wilson County,NC,1729
2024,Yadkin County,NC,230
2025,Yancey County,NC,0
2026,Statewide Unallocated,ND,0
2027,Adams County,ND,0
2028,Barnes County,ND,61
2029,Benson County,ND,0
2030,Billings County,ND,0
2031,Bottineau County,ND,0
2032,Bowman County,ND,18
2033,Burke County,ND,50
2034,Burleigh County,ND,1451
2035,Cass County,ND,3305
2036,Cavalier County,ND,0
2037,Dickey County,ND,0
2038,Divide County,ND,28
2039,Dunn County,ND,98
2040,Eddy County,ND,22
2041,Emmons County,ND,20
2042,Foster County,ND,31
2043,Golden Valley County,ND,0
2044,Grand Forks County,ND,1021
2045,Grant County,ND,25
2046,Griggs County,ND,0
2047,Hettinger County,ND,0
2048,Kidder County,ND,0
2049,LaMoure County,ND,0
2050,Logan County,ND,0
2051,McHenry County,ND,30
2052,McIntosh County,ND,30
2053,McKenzie County,ND,164
2054,McLean County,ND,66
2055,Mercer County,ND,0
2056,Morton County,ND,588
2057,Mountrail County,ND,568
2058,Nelson County,ND,5
2059,Oliver County,ND,26
2060,Pembina County,ND,0
2061,Pierce County,ND,70
2062,Ramsey County,ND,98
2063,Ransom County,ND,0
2064,Renville County,ND,0
2065,Richland County,ND,61
2066,Rolette County,ND,14
2067,Sargent County,ND,15
2068,Sheridan County,ND,0
2069,Sioux County,ND,28
2070,Slope County,ND,59
2071,Stark County,ND,802
2072,Steele County,ND,0
2073,Stutsman County,ND,27
2074,Towner County,ND,0
2075,Traill County,ND,0
2076,Walsh County,ND,72
2077,Ward County,ND,506
2078,Wells County,ND,3
2079,Williams County,ND,170
2080,Statewide Unallocated,OH,9
2081,Adams County,OH,60
2082,Allen County,OH,1127
2083,Ashland County,OH,122
2084,Ashtabula County,OH,979
2085,Athens County,OH,85
2086,Auglaize County,OH,362
2087,Belmont County,OH,1265
2088,Brown County,OH,147
2089,Butler County,OH,3261
2090,Carroll County,OH,322
2091,Champaign County,OH,157
2092,Clark County,OH,468
2093,Clermont County,OH,1145
2094,Clinton County,OH,426
2095,Columbiana County,OH,2727
2096,Coshocton County,OH,367
2097,Crawford County,OH,501
2098,Cuyahoga County,OH,32006
2099,Darke County,OH,1126
2100,Defiance County,OH,309
2101,Delaware County,OH,2522
2102,Erie County,OH,480
2103,Fairfield County,OH,1888
2104,Fayette County,OH,197
2105,Franklin County,OH,26443
2106,Fulton County,OH,227
2107,Gallia County,OH,128
2108,Geauga County,OH,1802
2109,Greene County,OH,660
2110,Guernsey County,OH,161
2111,Hamilton County,OH,13594
2112,Hancock County,OH,509
2113,Hardin County,OH,211
2114,Harrison County,OH,18
2115,Henry County,OH,39
2116,Highland County,OH,155
2117,Hocking County,OH,54
2118,Holmes County,OH,69
2119,Huron County,OH,350
2120,Jackson County,OH,52
2121,Jefferson County,OH,562
2122,Knox County,OH,247
2123,Lake County,OH,2897
2124,Lawrence County,OH,361
2125,Licking County,OH,1953
2126,Logan County,OH,220
2127,Lorain County,OH,5329
2128,Lucas County,OH,13576
2129,Madison County,OH,599
2130,Mahoning County,OH,10970
2131,Marion County,OH,14937
2132,Medina County,OH,2960
2133,Meigs County,OH,28
2134,Mercer County,OH,279
2135,Miami County,OH,2945
2136,Monroe County,OH,40
2137,Montgomery County,OH,4290
2138,Morgan County,OH,48
2139,Morrow County,OH,283
2140,Muskingum County,OH,180
2141,Noble County,OH,39
2142,Ottawa County,OH,371
2143,Paulding County,OH,83
2144,Perry County,OH,167
2145,Pickaway County,OH,9833
2146,Pike County,OH,33
2147,Portage County,OH,3392
2148,Preble County,OH,341
2149,Putnam County,OH,219
2150,Richland County,OH,978
2151,Ross County,OH,424
2152,Sandusky County,OH,285
2153,Scioto County,OH,80
2154,Seneca County,OH,214
2155,Shelby County,OH,548
2156,Stark County,OH,4225
2157,Summit County,OH,7329
2158,Trumbull County,OH,4296
2159,Tuscarawas County,OH,706
2160,Union County,OH,278
2161,Van Wert County,OH,58
2162,Vinton County,OH,0
2163,Warren County,OH,1924
2164,Washington County,OH,981
2165,Wayne County,OH,1242
2166,Williams County,OH,138
2167,Wood County,OH,1470
2168,Wyandot County,OH,282
2169,Statewide Unallocated,OK,1
2170,Adair County,OK,684
2171,Alfalfa County,OK,12
2172,Atoka County,OK,23
2173,Beaver County,OK,18
2174,Beckham County,OK,36
2175,Blaine County,OK,0
2176,Bryan County,OK,102
2177,Caddo County,OK,571
2178,Canadian County,OK,1403
2179,Carter County,OK,33
2180,Cherokee County,OK,437
2181,Choctaw County,OK,60
2182,Cimarron County,OK,4
2183,Cleveland County,OK,6503
2184,Coal County,OK,0
2185,Comanche County,OK,1258
2186,Cotton County,OK,104
2187,Craig County,OK,143
2188,Creek County,OK,1378
2189,Custer County,OK,184
2190,Delaware County,OK,1156
2191,Dewey County,OK,28
2192,Ellis County,OK,0
2193,Garfield County,OK,176
2194,Garvin County,OK,280
2195,Grady County,OK,338
2196,Grant County,OK,36
2197,Greer County,OK,951
2198,Harmon County,OK,0
2199,Harper County,OK,4
2200,Haskell County,OK,12
2201,Hughes County,OK,0
2202,Jackson County,OK,170
2203,Jefferson County,OK,23
2204,Johnston County,OK,26
2205,Kay County,OK,1078
2206,Kingfisher County,OK,110
2207,Kiowa County,OK,41
2208,Latimer County,OK,94
2209,Le Flore County,OK,90
2210,Lincoln County,OK,239
2211,Logan County,OK,204
2212,Love County,OK,49
2213,McClain County,OK,445
2214,McCurtain County,OK,103
2215,McIntosh County,OK,8
2216,Major County,OK,33
2217,Marshall County,OK,22
2218,Mayes County,OK,352
2219,Murray County,OK,14
2220,Muskogee County,OK,569
2221,Noble County,OK,163
2222,Nowata County,OK,263
2223,Okfuskee County,OK,15
2224,Oklahoma County,OK,10980
2225,Okmulgee County,OK,309
2226,Osage County,OK,1189
2227,Ottawa County,OK,473
2228,Pawnee County,OK,689
2229,Payne County,OK,766
2230,Pittsburg County,OK,262
2231,Pontotoc County,OK,232
2232,Pottawatomie County,OK,608
2233,Pushmataha County,OK,0
2234,Roger Mills County,OK,0
2235,Rogers County,OK,597
2236,Seminole County,OK,131
2237,Sequoyah County,OK,209
2238,Stephens County,OK,335
2239,Texas County,OK,253
2240,Tillman County,OK,21
2241,Tulsa County,OK,8154
2242,Wagoner County,OK,1881
2243,Washington County,OK,2442
2244,Washita County,OK,0
2245,Woods County,OK,12
2246,Woodward County,OK,25
2247,Statewide Unallocated,OR,0
2248,Baker County,OR,0
2249,Benton County,OR,624
2250,Clackamas County,OR,3373
2251,Clatsop County,OR,145
2252,Columbia County,OR,244
2253,Coos County,OR,23
2254,Crook County,OR,22
2255,Curry County,OR,61
2256,Deschutes County,OR,1470
2257,Douglas County,OR,445
2258,Gilliam County,OR,0
2259,Grant County,OR,36
2260,Harney County,OR,0
2261,Hood River County,OR,93
2262,Jackson County,OR,1128
2263,Jefferson County,OR,14
2264,Josephine County,OR,449
2265,Klamath County,OR,606
2266,Lake County,OR,0
2267,Lane County,OR,983
2268,Lincoln County,OR,108
2269,Linn County,OR,1641
2270,Malheur County,OR,85
2271,Marion County,OR,7488
2272,Morrow County,OR,100
2273,Multnomah County,OR,9659
2274,Polk County,OR,776
2275,Sherman County,OR,20
2276,Tillamook County,OR,118
2277,Umatilla County,OR,456
2278,Union County,OR,96
2279,Wallowa County,OR,26
2280,Wasco County,OR,235
2281,Washington County,OR,9486
2282,Wheeler County,OR,0
2283,Yamhill County,OR,814
2284,Statewide Unallocated,PA,2
2285,Adams County,PA,1379
2286,Allegheny County,PA,21583
2287,Armstrong County,PA,633
2288,Beaver County,PA,4383
2289,Bedford County,PA,208
2290,Berks County,PA,26849
2291,Blair County,PA,251
2292,Bradford County,PA,455
2293,Bucks County,PA,29775
2294,Butler County,PA,3341
2295,Cambria County,PA,310
2296,Cameron County,PA,28
2297,Carbon County,PA,2392
2298,Centre County,PA,1594
2299,Chester County,PA,14879
2300,Clarion County,PA,314
2301,Clearfield County,PA,220
2302,Clinton County,PA,167
2303,Columbia County,PA,2818
2304,Crawford County,PA,322
2305,Cumberland County,PA,3199
2306,Dauphin County,PA,6074
2307,Delaware County,PA,41274
2308,Elk County,PA,36
2309,Erie County,PA,1030
2310,Fayette County,PA,1246
2311,Forest County,PA,119
2312,Franklin County,PA,1867
2313,Fulton County,PA,31
2314,Greene County,PA,514
2315,Huntingdon County,PA,233
2316,Indiana County,PA,843
2317,Jefferson County,PA,38
2318,Juniata County,PA,961
2319,Lackawanna County,PA,10497
2320,Lancaster County,PA,19428
2321,Lawrence County,PA,1091
2322,Lebanon County,PA,7182
2323,Lehigh County,PA,39686
2324,Luzerne County,PA,32027
2325,Lycoming County,PA,613
2326,McKean County,PA,68
2327,Mercer County,PA,972
2328,Mifflin County,PA,310
2329,Monroe County,PA,19298
2330,Montgomery County,PA,54291
2331,Montour County,PA,875
2332,Northampton County,PA,26736
2333,Northumberland County,PA,1021
2334,Perry County,PA,349
2335,Philadelphia County,PA,155009
2336,Pike County,PA,5326
2337,Potter County,PA,99
2338,Schuylkill County,PA,4527
2339,Snyder County,PA,439
2340,Somerset County,PA,293
2341,Sullivan County,PA,21
2342,Susquehanna County,PA,831
2343,Tioga County,PA,256
2344,Union County,PA,420
2345,Venango County,PA,131
2346,Warren County,PA,31
2347,Washington County,PA,1788
2348,Wayne County,PA,1503
2349,Westmoreland County,PA,5453
2350,Wyoming County,PA,240
2351,York County,PA,8232
2352,Statewide Unallocated,RI,15765
2353,Bristol County,RI,1213
2354,Kent County,RI,5267
2355,Newport County,RI,1962
2356,Providence County,RI,46945
2357,Washington County,RI,3463
2358,Statewide Unallocated,SC,6
2359,Abbeville County,SC,282
2360,Aiken County,SC,1272
2361,Allendale County,SC,99
2362,Anderson County,SC,2702
2363,Bamberg County,SC,152
2364,Barnwell County,SC,116
2365,Beaufort County,SC,5011
2366,Berkeley County,SC,2237
2367,Calhoun County,SC,146
2368,Charleston County,SC,8883
2369,Cherokee County,SC,187
2370,Chester County,SC,448
2371,Chesterfield County,SC,622
2372,Clarendon County,SC,2192
2373,Colleton County,SC,412
2374,Darlington County,SC,1163
2375,Dillon County,SC,242
2376,Dorchester County,SC,1645
2377,Edgefield County,SC,253
2378,Fairfield County,SC,515
2379,Florence County,SC,2290
2380,Georgetown County,SC,713
2381,Greenville County,SC,8927
2382,Greenwood County,SC,561
2383,Hampton County,SC,251
2384,Horry County,SC,3389
2385,Jasper County,SC,316
2386,Kershaw County,SC,5169
2387,Lancaster County,SC,1536
2388,Laurens County,SC,324
2389,Lee County,SC,731
2390,Lexington County,SC,4973
2391,McCormick County,SC,85
2392,Marion County,SC,228
2393,Marlboro County,SC,395
2394,Newberry County,SC,342
2395,Oconee County,SC,333
2396,Orangeburg County,SC,1017
2397,Pickens County,SC,776
2398,Richland County,SC,12449
2399,Saluda County,SC,211
2400,Spartanburg County,SC,3962
2401,Sumter County,SC,3574
2402,Union County,SC,452
2403,Williamsburg County,SC,417
2404,York County,SC,3294
2405,Statewide Unallocated,SD,0
2406,Aurora County,SD,29
2407,Beadle County,SD,679
2408,Bennett County,SD,0
2409,Bon Homme County,SD,93
2410,Brookings County,SD,170
2411,Brown County,SD,385
2412,Brule County,SD,3
2413,Buffalo County,SD,0
2414,Butte County,SD,0
2415,Campbell County,SD,0
2416,Charles Mix County,SD,95
2417,Clark County,SD,27
2418,Clay County,SD,122
2419,Codington County,SD,297
2420,Corson County,SD,16
2421,Custer County,SD,0
2422,Davison County,SD,109
2423,Day County,SD,0
2424,Deuel County,SD,28
2425,Dewey County,SD,0
2426,Douglas County,SD,0
2427,Edmunds County,SD,0
2428,Fall River County,SD,27
2429,Faulk County,SD,29
2430,Grant County,SD,0
2431,Gregory County,SD,0
2432,Haakon County,SD,0
2433,Hamlin County,SD,37
2434,Hand County,SD,0
2435,Hanson County,SD,0
2436,Harding County,SD,0
2437,Hughes County,SD,114
2438,Hutchinson County,SD,56
2439,Hyde County,SD,12
2440,Jackson County,SD,0
2441,Jerauld County,SD,56
2442,Jones County,SD,0
2443,Kingsbury County,SD,0
2444,Lake County,SD,50
2445,Lawrence County,SD,230
2446,Lincoln County,SD,1362
2447,Lyman County,SD,51
2448,McCook County,SD,88
2449,McPherson County,SD,0
2450,Marshall County,SD,26
2451,Meade County,SD,31
2452,Mellette County,SD,0
2453,Miner County,SD,15
2454,Minnehaha County,SD,17625
2455,Moody County,SD,13
2456,Oglala Lakota County,SD,17
2457,Pennington County,SD,237
2458,Perkins County,SD,0
2459,Potter County,SD,0
2460,Roberts County,SD,94
2461,Sanborn County,SD,36
2462,Spink County,SD,64
2463,Stanley County,SD,0
2464,Sully County,SD,13
2465,Todd County,SD,29
2466,Tripp County,SD,0
2467,Turner County,SD,132
2468,Union County,SD,113
2469,Walworth County,SD,55
2470,Yankton County,SD,471
2471,Ziebach County,SD,0
2472,Statewide Unallocated,TN,10804
2473,Anderson County,TN,385
2474,Bedford County,TN,1005
2475,Benton County,TN,114
2476,Bledsoe County,TN,1142
2477,Blount County,TN,1097
2478,Bradley County,TN,777
2479,Campbell County,TN,264
2480,Cannon County,TN,181
2481,Carroll County,TN,292
2482,Carter County,TN,94
2483,Cheatham County,TN,511
2484,Chester County,TN,162
2485,Claiborne County,TN,102
2486,Clay County,TN,75
2487,Cocke County,TN,161
2488,Coffee County,TN,308
2489,Crockett County,TN,38
2490,Cumberland County,TN,1088
2491,Davidson County,TN,32068
2492,Decatur County,TN,50
2493,DeKalb County,TN,225
2494,Dickson County,TN,919
2495,Dyer County,TN,468
2496,Fayette County,TN,840
2497,Fentress County,TN,66
2498,Franklin County,TN,501
2499,Gibson County,TN,512
2500,Giles County,TN,95
2501,Grainger County,TN,87
2502,Greene County,TN,700
2503,Grundy County,TN,489
2504,Hamblen County,TN,180
2505,Hamilton County,TN,2697
2506,Hancock County,TN,0
2507,Hardeman County,TN,163
2508,Hardin County,TN,77
2509,Hawkins County,TN,514
2510,Haywood County,TN,233
2511,Henderson County,TN,56
2512,Henry County,TN,171
2513,Hickman County,TN,85
2514,Houston County,TN,80
2515,Humphreys County,TN,105
2516,Jackson County,TN,115
2517,Jefferson County,TN,344
2518,Johnson County,TN,55
2519,Knox County,TN,4148
2520,Lake County,TN,111
2521,Lauderdale County,TN,220
2522,Lawrence County,TN,266
2523,Lewis County,TN,64
2524,Lincoln County,TN,194
2525,Loudon County,TN,462
2526,McMinn County,TN,133
2527,McNairy County,TN,180
2528,Macon County,TN,551
2529,Madison County,TN,1417
2530,Marion County,TN,579
2531,Marshall County,TN,270
2532,Maury County,TN,789
2533,Meigs County,TN,76
2534,Monroe County,TN,226
2535,Montgomery County,TN,2215
2536,Moore County,TN,20
2537,Morgan County,TN,111
2538,Obion County,TN,156
2539,Overton County,TN,137
2540,Perry County,TN,123
2541,Pickett County,TN,0
2542,Polk County,TN,96
2543,Putnam County,TN,2033
2544,Rhea County,TN,18
2545,Roane County,TN,154
2546,Robertson County,TN,2226
2547,Rutherford County,TN,6070
2548,Scott County,TN,204
2549,Sequatchie County,TN,49
2550,Sevier County,TN,561
2551,Shelby County,TN,32655
2552,Smith County,TN,219
2553,Stewart County,TN,84
2554,Sullivan County,TN,918
2555,Sumner County,TN,11032
2556,Tipton County,TN,1332
2557,Trousdale County,TN,409
2558,Unicoi County,TN,30
2559,Union County,TN,59
2560,Van Buren County,TN,12
2561,Warren County,TN,75
2562,Washington County,TN,980
2563,Wayne County,TN,49
2564,Weakley County,TN,137
2565,White County,TN,86
2566,Williamson County,TN,8303
2567,Wilson County,TN,3474
2568,Statewide Unallocated,TX,78
2569,Anderson County,TX,116
2570,Andrews County,TX,285
2571,Angelina County,TX,441
2572,Aransas County,TX,37
2573,Archer County,TX,0
2574,Armstrong County,TX,11
2575,Atascosa County,TX,198
2576,Austin County,TX,225
2577,Bailey County,TX,0
2578,Bandera County,TX,47
2579,Bastrop County,TX,675
2580,Baylor County,TX,0
2581,Bee County,TX,60
2582,Bell County,TX,2602
2583,Bexar County,TX,18835
2584,Blanco County,TX,91
2585,Borden County,TX,0
2586,Bosque County,TX,18
2587,Bowie County,TX,883
2588,Brazoria County,TX,6196
2589,Brazos County,TX,3334
2590,Brewster County,TX,0
2591,Briscoe County,TX,0
2592,Brooks County,TX,3
2593,Brown County,TX,248
2594,Burleson County,TX,147
2595,Burnet County,TX,179
2596,Caldwell County,TX,141
2597,Calhoun County,TX,395
2598,Callahan County,TX,18
2599,Cameron County,TX,4628
2600,Camp County,TX,89
2601,Carson County,TX,7
2602,Cass County,TX,152
2603,Castro County,TX,307
2604,Chambers County,TX,638
2605,Cherokee County,TX,167
2606,Childress County,TX,6
2607,Clay County,TX,48
2608,Cochran County,TX,2
2609,Coke County,TX,0
2610,Coleman County,TX,0
2611,Collin County,TX,11366
2612,Collingsworth County,TX,0
2613,Colorado County,TX,144
2614,Comal County,TX,881
2615,Comanche County,TX,60
2616,Concho County,TX,15
2617,Cooke County,TX,36
2618,Coryell County,TX,1008
2619,Cottle County,TX,0
2620,Crane County,TX,60
2621,Crockett County,TX,0
2622,Crosby County,TX,20
2623,Culberson County,TX,0
2624,Dallam County,TX,34
2625,Dallas County,TX,45804
2626,Dawson County,TX,203
2627,Deaf Smith County,TX,238
2628,Delta County,TX,17
2629,Denton County,TX,12480
2630,DeWitt County,TX,252
2631,Dickens County,TX,19
2632,Dimmit County,TX,14
2633,Donley County,TX,402
2634,Duval County,TX,11
2635,Eastland County,TX,92
2636,Ector County,TX,994
2637,Edwards County,TX,0
2638,Ellis County,TX,1652
2639,El Paso County,TX,7755
2640,Erath County,TX,241
2641,Falls County,TX,33
2642,Fannin County,TX,141
2643,Fayette County,TX,268
2644,Fisher County,TX,0
2645,Floyd County,TX,29
2646,Foard County,TX,0
2647,Fort Bend County,TX,13767
2648,Franklin County,TX,27
2649,Freestone County,TX,24
2650,Frio County,TX,17
2651,Gaines County,TX,43
2652,Galveston County,TX,8483
2653,Garza County,TX,0
2654,Gillespie County,TX,23
2655,Glasscock County,TX,0
2656,Goliad County,TX,90
2657,Gonzales County,TX,45
2658,Gray County,TX,315
2659,Grayson County,TX,412
2660,Gregg County,TX,881
2661,Grimes County,TX,182
2662,Guadalupe County,TX,1169
2663,Hale County,TX,243
2664,Hall County,TX,0
2665,Hamilton County,TX,58
2666,Hansford County,TX,21
2667,Hardeman County,TX,0
2668,Hardin County,TX,1299
2669,Harris County,TX,79338
2670,Harrison County,TX,636
2671,Hartley County,TX,9
2672,Haskell County,TX,0
2673,Hays County,TX,2187
2674,Hemphill County,TX,21
2675,Henderson County,TX,217
2676,Hidalgo County,TX,4529
2677,Hill County,TX,191
2678,Hockley County,TX,361
2679,Hood County,TX,310
2680,Hopkins County,TX,102
2681,Houston County,TX,12
2682,Howard County,TX,19
2683,Hudspeth County,TX,0
2684,Hunt County,TX,435
2685,Hutchinson County,TX,96
2686,Irion County,TX,0
2687,Jack County,TX,41
2688,Jackson County,TX,101
2689,Jasper County,TX,122
2690,Jeff Davis County,TX,0
2691,Jefferson County,TX,2942
2692,Jim Hogg County,TX,2
2693,Jim Wells County,TX,44
2694,Johnson County,TX,805
2695,Jones County,TX,46
2696,Karnes County,TX,68
2697,Kaufman County,TX,699
2698,Kendall County,TX,309
2699,Kenedy County,TX,0
2700,Kent County,TX,0
2701,Kerr County,TX,67
2702,Kimble County,TX,0
2703,King County,TX,0
2704,Kinney County,TX,0
2705,Kleberg County,TX,83
2706,Knox County,TX,18
2707,Lamar County,TX,172
2708,Lamb County,TX,39
2709,Lampasas County,TX,41
2710,La Salle County,TX,9
2711,Lavaca County,TX,98
2712,Lee County,TX,45
2713,Leon County,TX,83
2714,Liberty County,TX,482
2715,Limestone County,TX,209
2716,Lipscomb County,TX,0
2717,Live Oak County,TX,75
2718,Llano County,TX,79
2719,Loving County,TX,0
2720,Lubbock County,TX,7466
2721,Lynn County,TX,107
2722,McCulloch County,TX,45
2723,McLennan County,TX,1898
2724,McMullen County,TX,0
2725,Madison County,TX,17
2726,Marion County,TX,39
2727,Martin County,TX,48
2728,Mason County,TX,21
2729,Matagorda County,TX,1155
2730,Maverick County,TX,218
2731,Medina County,TX,281
2732,Menard County,TX,0
2733,Midland County,TX,933
2734,Milam County,TX,189
2735,Mills County,TX,0
2736,Mitchell County,TX,18
2737,Montague County,TX,80
2738,Montgomery County,TX,7079
2739,Moore County,TX,1357
2740,Morris County,TX,76
2741,Motley County,TX,12
2742,Nacogdoches County,TX,1255
2743,Navarro County,TX,326
2744,Newton County,TX,38
2745,Nolan County,TX,1
2746,Nueces County,TX,1887
2747,Ochiltree County,TX,1
2748,Oldham County,TX,80
2749,Orange County,TX,902
2750,Palo Pinto County,TX,99
2751,Panola County,TX,517
2752,Parker County,TX,339
2753,Parmer County,TX,14
2754,Pecos County,TX,61
2755,Polk County,TX,259
2756,Potter County,TX,2084
2757,Presidio County,TX,0
2758,Rains County,TX,25
2759,Randall County,TX,1653
2760,Reagan County,TX,0
2761,Real County,TX,0
2762,Red River County,TX,9
2763,Reeves County,TX,0
2764,Refugio County,TX,0
2765,Roberts County,TX,16
2766,Robertson County,TX,60
2767,Rockwall County,TX,602
2768,Runnels County,TX,0
2769,Rusk County,TX,451
2770,Sabine County,TX,9
2771,San Augustine County,TX,213
2772,San Jacinto County,TX,123
2773,San Patricio County,TX,158
2774,San Saba County,TX,0
2775,Schleicher County,TX,0
2776,Scurry County,TX,14
2777,Shackelford County,TX,0
2778,Shelby County,TX,923
2779,Sherman County,TX,67
2780,Smith County,TX,2451
2781,Somervell County,TX,0
2782,Starr County,TX,168
2783,Stephens County,TX,15
2784,Sterling County,TX,0
2785,Stonewall County,TX,0
2786,Sutton County,TX,0
2787,Swisher County,TX,81
2788,Tarrant County,TX,21774
2789,Taylor County,TX,1899
2790,Terrell County,TX,0
2791,Terry County,TX,199
2792,Throckmorton County,TX,0
2793,Titus County,TX,143
2794,Tom Green County,TX,766
2795,Travis County,TX,21033
2796,Trinity County,TX,97
2797,Tyler County,TX,66
2798,Upshur County,TX,181
2799,Upton County,TX,0
2800,Uvalde County,TX,139
2801,Val Verde County,TX,238
2802,Van Zandt County,TX,217
2803,Victoria County,TX,1701
2804,Walker County,TX,1053
2805,Waller County,TX,392
2806,Ward County,TX,0
2807,Washington County,TX,971
2808,Webb County,TX,4669
2809,Wharton County,TX,602
2810,Wheeler County,TX,5
2811,Wichita County,TX,1419
2812,Wilbarger County,TX,11
2813,Willacy County,TX,158
2814,Williamson County,TX,3024
2815,Wilson County,TX,322
2816,Winkler County,TX,33
2817,Wise County,TX,155
2818,Wood County,TX,108
2819,Yoakum County,TX,7
2820,Young County,TX,87
2821,Zapata County,TX,80
2822,Zavala County,TX,8
2823,Statewide Unallocated,UT,105
2824,Beaver County,UT,0
2825,Box Elder County,UT,356
2826,Cache County,UT,787
2827,Carbon County,UT,52
2828,Daggett County,UT,0
2829,Davis County,UT,5143
2830,Duchesne County,UT,74
2831,Emery County,UT,60
2832,Garfield County,UT,29
2833,Grand County,UT,29
2834,Iron County,UT,374
2835,Juab County,UT,60
2836,Kane County,UT,60
2837,Millard County,UT,69
2838,Morgan County,UT,164
2839,Piute County,UT,0
2840,Rich County,UT,0
2841,Salt Lake County,UT,30589
2842,San Juan County,UT,345
2843,Sanpete County,UT,21
2844,Sevier County,UT,42
2845,Summit County,UT,8296
2846,Tooele County,UT,804
2847,Uintah County,UT,112
2848,Utah County,UT,8506
2849,Wasatch County,UT,2602
2850,Washington County,UT,918
2851,Wayne County,UT,0
2852,Weber County,UT,2341
2853,Statewide Unallocated,VT,335
2854,Addison County,VT,1334
2855,Bennington County,VT,870
2856,Caledonia County,VT,219
2857,Chittenden County,VT,8813
2858,Essex County,VT,23
2859,Franklin County,VT,1577
2860,Grand Isle County,VT,52
2861,Lamoille County,VT,553
2862,Orange County,VT,166
2863,Orleans County,VT,231
2864,Rutland County,VT,872
2865,Washington County,VT,728
2866,Windham County,VT,1234
2867,Windsor County,VT,841
2868,Statewide Unallocated,VA,0
2869,Accomack County,VA,710
2870,Albemarle County,VA,1232
2871,Alleghany County,VA,84
2872,Amelia County,VA,241
2873,Amherst County,VA,212
2874,Appomattox County,VA,127
2875,Arlington County,VA,9996
2876,Augusta County,VA,401
2877,Bath County,VA,0
2878,Bedford County,VA,335
2879,Bland County,VA,0
2880,Botetourt County,VA,497
2881,Brunswick County,VA,147
2882,Buchanan County,VA,143
2883,Buckingham County,VA,382
2884,Campbell County,VA,167
2885,Caroline County,VA,197
2886,Carroll County,VA,59
2887,Charles City County,VA,199
2888,Charlotte County,VA,99
2889,Chesterfield County,VA,5507
2890,Clarke County,VA,98
2891,Craig County,VA,36
2892,Culpeper County,VA,727
2893,Cumberland County,VA,159
2894,Dickenson County,VA,0
2895,Dinwiddie County,VA,116
2896,Essex County,VA,21
2897,Fairfax County,VA,29483
2898,Fauquier County,VA,730
2899,Floyd County,VA,15
2900,Fluvanna County,VA,882
2901,Franklin County,VA,340
2902,Frederick County,VA,1458
2903,Giles County,VA,62
2904,Gloucester County,VA,450
2905,Goochland County,VA,900
2906,Grayson County,VA,0
2907,Greene County,VA,129
2908,Greensville County,VA,307
2909,Halifax County,VA,157
2910,Hanover County,VA,1198
2911,Henrico County,VA,9953
2912,Henry County,VA,167
2913,Highland County,VA,3
2914,Isle of Wight County,VA,1159
2915,James City County,VA,3712
2916,King and Queen County,VA,41
2917,King George County,VA,348
2918,King William County,VA,50
2919,Lancaster County,VA,28
2920,Lee County,VA,138
2921,Loudoun County,VA,7994
2922,Louisa County,VA,635
2923,Lunenburg County,VA,52
2924,Madison County,VA,177
2925,Matthews County,VA,72
2926,Mecklenburg County,VA,1081
2927,Middlesex County,VA,48
2928,Montgomery County,VA,656
2929,Nelson County,VA,111
2930,New Kent County,VA,323
2931,Northampton County,VA,120
2932,Northumberland County,VA,108
2933,Nottoway County,VA,116
2934,Orange County,VA,332
2935,Page County,VA,249
2936,Patrick County,VA,5
2937,Pittsylvania County,VA,117
2938,Powhatan County,VA,146
2939,Prince Edward County,VA,300
2940,Prince George County,VA,580
2941,Prince William County,VA,12263
2942,Pulaski County,VA,108
2943,Rappahannock County,VA,19
2944,Richmond County,VA,336
2945,Roanoke County,VA,390
2946,Rockbridge County,VA,99
2947,Rockingham County,VA,1530
2948,Russell County,VA,31
2949,Scott County,VA,56
2950,Shenandoah County,VA,654
2951,Smyth County,VA,201
2952,Southampton County,VA,312
2953,Spotsylvania County,VA,1252
2954,Stafford County,VA,2381
2955,Surry County,VA,74
2956,Sussex County,VA,235
2957,Tazewell County,VA,90
2958,Warren County,VA,394
2959,Washington County,VA,471
2960,Westmoreland County,VA,170
2961,Wise County,VA,246
2962,Wythe County,VA,159
2963,York County,VA,838
2964,Alexandria City,VA,6030
2965,Bristol city,VA,29
2966,Buena Vista city,VA,90
2967,Charlottesville City,VA,859
2968,Chesapeake City,VA,2951
2969,Colonial Heights city,VA,328
2970,Covington city,VA,24
2971,Danville City,VA,502
2972,Emporia city,VA,158
2973,Fairfax city,VA,145
2974,Falls Church city,VA,128
2975,Franklin city,VA,183
2976,Fredericksburg City,VA,293
2977,Galax city,VA,29
2978,Hampton city,VA,1577
2979,Harrisonburg City,VA,3119
2980,Hopewell city,VA,325
2981,Lexington city,VA,65
2982,Lynchburg city,VA,690
2983,Manassas City,VA,1329
2984,Manassas Park city,VA,353
2985,Martinsville city,VA,0
2986,Newport News City,VA,1953
2987,Norfolk City,VA,2281
2988,Norton city,VA,13
2989,Petersburg city,VA,390
2990,Poquoson city,VA,131
2991,Portsmouth City,VA,1302
2992,Radford city,VA,34
2993,Richmond City,VA,4067
2994,Roanoke city,VA,460
2995,Salem city,VA,76
2996,Staunton city,VA,80
2997,Suffolk City,VA,1403
2998,Virginia Beach City,VA,5898
2999,Waynesboro city,VA,126
3000,Williamsburg City,VA,445
3001,Winchester city,VA,457
3002,Statewide Unallocated,WA,16813
3003,Adams County,WA,861
3004,Asotin County,WA,174
3005,Benton County,WA,6401
3006,Chelan County,WA,1364
3007,Clallam County,WA,326
3008,Clark County,WA,5656
3009,Columbia County,WA,43
3010,Cowlitz County,WA,661
3011,Douglas County,WA,686
3012,Ferry County,WA,31
3013,Franklin County,WA,3223
3014,Garfield County,WA,0
3015,Grant County,WA,3123
3016,Grays Harbor County,WA,234
3017,Island County,WA,4302
3018,Jefferson County,WA,769
3019,King County,WA,125251
3020,Kitsap County,WA,3413
3021,Kittitas County,WA,406
3022,Klickitat County,WA,381
3023,Lewis County,WA,488
3024,Lincoln County,WA,55
3025,Mason County,WA,458
3026,Okanogan County,WA,302
3027,Pacific County,WA,28
3028,Pend Oreille County,WA,30
3029,Pierce County,WA,23523
3030,San Juan County,WA,301
3031,Skagit County,WA,5714
3032,Skamania County,WA,62
3033,Snohomish County,WA,54946
3034,Spokane County,WA,6947
3035,Stevens County,WA,181
3036,Thurston County,WA,2187
3037,Wahkiakum County,WA,41
3038,Walla Walla County,WA,562
3039,Whatcom County,WA,6525
3040,Whitman County,WA,313
3041,Yakima County,WA,14160
3042,Statewide Unallocated,WV,0
3043,Barbour County,WV,80
3044,Berkeley County,WV,2125
3045,Boone County,WV,26
3046,Braxton County,WV,17
3047,Brooke County,WV,49
3048,Cabell County,WV,509
3049,Calhoun County,WV,0
3050,Clay County,WV,0
3051,Doddridge County,WV,0
3052,Fayette County,WV,62
3053,Gilmer County,WV,0
3054,Grant County,WV,13
3055,Greenbrier County,WV,83
3056,Hampshire County,WV,90
3057,Hancock County,WV,172
3058,Hardy County,WV,58
3059,Harrison County,WV,676
3060,Jackson County,WV,1147
3061,Jefferson County,WV,1128
3062,Kanawha County,WV,2250
3063,Lewis County,WV,36
3064,Lincoln County,WV,11
3065,Logan County,WV,187
3066,McDowell County,WV,95
3067,Marion County,WV,779
3068,Marshall County,WV,182
3069,Mason County,WV,198
3070,Mercer County,WV,185
3071,Mineral County,WV,127
3072,Mingo County,WV,21
3073,Monongalia County,WV,1937
3074,Monroe County,WV,43
3075,Morgan County,WV,126
3076,Nicholas County,WV,55
3077,Ohio County,WV,510
3078,Pendleton County,WV,27
3079,Pleasants County,WV,34
3080,Pocahontas County,WV,0
3081,Preston County,WV,176
3082,Putnam County,WV,294
3083,Raleigh County,WV,151
3084,Randolph County,WV,84
3085,Ritchie County,WV,0
3086,Roane County,WV,58
3087,Summers County,WV,14
3088,Taylor County,WV,75
3089,Tucker County,WV,110
3090,Tyler County,WV,49
3091,Upshur County,WV,69
3092,Wayne County,WV,901
3093,Webster County,WV,0
3094,Wetzel County,WV,66
3095,Wirt County,WV,45
3096,Wood County,WV,497
3097,Wyoming County,WV,18
3098,Statewide Unallocated,WI,1
3099,Adams County,WI,62
3100,Ashland County,WI,38
3101,Barron County,WI,118
3102,Bayfield County,WI,90
3103,Brown County,WI,3612
3104,Buffalo County,WI,73
3105,Burnett County,WI,0
3106,Calumet County,WI,123
3107,Chippewa County,WI,462
3108,Clark County,WI,258
3109,Columbia County,WI,648
3110,Crawford County,WI,59
3111,Dane County,WI,9149
3112,Dodge County,WI,465
3113,Door County,WI,172
3114,Douglas County,WI,220
3115,Dunn County,WI,198
3116,Eau Claire County,WI,563
3117,Florence County,WI,39
3118,Fond du Lac County,WI,1536
3119,Forest County,WI,0
3120,Grant County,WI,248
3121,Green County,WI,241
3122,Green Lake County,WI,12
3123,Iowa County,WI,136
3124,Iron County,WI,43
3125,Jackson County,WI,201
3126,Jefferson County,WI,613
3127,Juneau County,WI,180
3128,Kenosha County,WI,4477
3129,Kewaunee County,WI,94
3130,La Crosse County,WI,686
3131,Lafayette County,WI,51
3132,Langlade County,WI,0
3133,Lincoln County,WI,0
3134,Manitowoc County,WI,96
3135,Marathon County,WI,337
3136,Marinette County,WI,98
3137,Marquette County,WI,62
3138,Menominee County,WI,24
3139,Milwaukee County,WI,44734
3140,Monroe County,WI,215
3141,Oconto County,WI,74
3142,Oneida County,WI,129
3143,Outagamie County,WI,735
3144,Ozaukee County,WI,1953
3145,Pepin County,WI,0
3146,Pierce County,WI,223
3147,Polk County,WI,49
3148,Portage County,WI,93
3149,Price County,WI,14
3150,Racine County,WI,2969
3151,Richland County,WI,142
3152,Rock County,WI,1440
3153,Rusk County,WI,69
3154,St. Croix County,WI,261
3155,Sauk County,WI,713
3156,Sawyer County,WI,27
3157,Shawano County,WI,103
3158,Sheboygan County,WI,897
3159,Taylor County,WI,0
3160,Trempealeau County,WI,24
3161,Vernon County,WI,1
3162,Vilas County,WI,105
3163,Walworth County,WI,1267
3164,Washburn County,WI,11
3165,Washington County,WI,1961
3166,Waukesha County,WI,5707
3167,Waupaca County,WI,88
3168,Waushara County,WI,35
3169,Winnebago County,WI,800
3170,Wood County,WI,69
3171,Statewide Unallocated,WY,0
3172,Albany County,WY,126
3173,Big Horn County,WY,13
3174,Campbell County,WY,269
3175,Carbon County,WY,122
3176,Converse County,WY,157
3177,Crook County,WY,66
3178,Fremont County,WY,1223
3179,Goshen County,WY,70
3180,Hot Springs County,WY,14
3181,Johnson County,WY,261
3182,Laramie County,WY,1596
3183,Lincoln County,WY,99
3184,Natrona County,WY,812
3185,Niobrara County,WY,16
3186,Park County,WY,39
3187,Platte County,WY,0
3188,Sheridan County,WY,364
3189,Sublette County,WY,28
3190,Sweetwater County,WY,190
3191,Teton County,WY,1340
3192,Uinta County,WY,95
3193,Washakie County,WY,110
3194,Weston County,WY,0
